[{"model": "users.auditentry", "pk": 1, "fields": {"action": "user_logged_in", "ip": "127.0.0.1", "username": "admin", "login": "2020-04-11T09:54:09.925Z", "logout": null}}, {"model": "users.auditentry", "pk": 2, "fields": {"action": "user_login_failed", "ip": null, "username": "admin", "login": null, "logout": null}}, {"model": "users.auditentry", "pk": 3, "fields": {"action": "user_logged_out", "ip": "127.0.0.1", "username": "admin", "login": null, "logout": "2020-04-14T04:53:51.898Z"}}, {"model": "users.auditentry", "pk": 4, "fields": {"action": "user_logged_in", "ip": "127.0.0.1", "username": "admin", "login": "2020-04-14T04:59:03.698Z", "logout": null}}, {"model": "users.auditentry", "pk": 5, "fields": {"action": "user_logged_out", "ip": "127.0.0.1", "username": "admin", "login": null, "logout": "2020-04-14T04:59:24.844Z"}}, {"model": "users.auditentry", "pk": 6, "fields": {"action": "user_logged_in", "ip": "127.0.0.1", "username": "admin", "login": "2020-04-14T05:01:37.742Z", "logout": null}}, {"model": "users.auditentry", "pk": 7, "fields": {"action": "user_logged_out", "ip": "127.0.0.1", "username": "admin", "login": null, "logout": "2020-04-14T05:01:41.094Z"}}, {"model": "users.auditentry", "pk": 8, "fields": {"action": "user_logged_in", "ip": "127.0.0.1", "username": "admin", "login": "2020-04-14T05:02:18.943Z", "logout": null}}, {"model": "users.auditentry", "pk": 9, "fields": {"action": "user_logged_out", "ip": "127.0.0.1", "username": "admin", "login": null, "logout": "2020-04-14T05:02:34.996Z"}}, {"model": "users.auditentry", "pk": 10, "fields": {"action": "user_logged_in", "ip": "127.0.0.1", "username": "admin", "login": "2020-04-14T15:48:57.675Z", "logout": null}}, {"model": "users.auditentry", "pk": 11, "fields": {"action": "user_logged_in", "ip": "176.232.155.209", "username": "admin", "login": "2020-04-17T01:55:07.419Z", "logout": null}}, {"model": "users.auditentry", "pk": 12, "fields": {"action": "user_login_failed", "ip": null, "username": "onur", "login": null, "logout": null}}, {"model": "users.auditentry", "pk": 13, "fields": {"action": "user_logged_out", "ip": "176.232.155.209", "username": "admin", "login": null, "logout": "2020-04-17T08:22:06.157Z"}}, {"model": "users.auditentry", "pk": 14, "fields": {"action": "user_logged_in", "ip": "176.232.155.209", "username": "onur", "login": "2020-04-17T08:22:16.373Z", "logout": null}}, {"model": "users.auditentry", "pk": 15, "fields": {"action": "user_logged_in", "ip": "176.43.222.216", "username": "yasin", "login": "2020-04-17T08:23:52.851Z", "logout": null}}, {"model": "users.auditentry", "pk": 16, "fields": {"action": "user_logged_in", "ip": "176.88.75.108", "username": "onurcan", "login": "2020-04-17T08:33:44.285Z", "logout": null}}, {"model": "users.auditentry", "pk": 17, "fields": {"action": "user_logged_in", "ip": "176.232.155.209", "username": "mert", "login": "2020-04-17T08:38:30.341Z", "logout": null}}, {"model": "contenttypes.contenttype", "pk": 1, "fields": {"app_label": "users", "model": "auditentry"}}, {"model": "contenttypes.contenttype", "pk": 2, "fields": {"app_label": "admin", "model": "logentry"}}, {"model": "contenttypes.contenttype", "pk": 3, "fields": {"app_label": "auth", "model": "permission"}}, {"model": "contenttypes.contenttype", "pk": 4, "fields": {"app_label": "auth", "model": "group"}}, {"model": "contenttypes.contenttype", "pk": 5, "fields": {"app_label": "auth", "model": "user"}}, {"model": "contenttypes.contenttype", "pk": 6, "fields": {"app_label": "contenttypes", "model": "contenttype"}}, {"model": "contenttypes.contenttype", "pk": 7, "fields": {"app_label": "sessions", "model": "session"}}, {"model": "contenttypes.contenttype", "pk": 8, "fields": {"app_label": "authtoken", "model": "token"}}, {"model": "contenttypes.contenttype", "pk": 9, "fields": {"app_label": "posts", "model": "post"}}, {"model": "contenttypes.contenttype", "pk": 10, "fields": {"app_label": "subscribers", "model": "subscriber"}}, {"model": "contenttypes.contenttype", "pk": 11, "fields": {"app_label": "chat", "model": "membership"}}, {"model": "contenttypes.contenttype", "pk": 12, "fields": {"app_label": "chat", "model": "message"}}, {"model": "contenttypes.contenttype", "pk": 13, "fields": {"app_label": "chat", "model": "topic"}}, {"model": "sessions.session", "pk": "3hxgwjdts8cvpi4ssv0pr03or62pg588", "fields": {"session_data": "ODc2Y2QxNTBmOTMwZmE4YTJmYjNkMzAzYjAyNmMyZjVkOWE5MjUxNjp7Il9hdXRoX3VzZXJfaWQiOiI2IiwiX2F1dGhfdXNlcl9iYWNrZW5kIjoiZGphbmdvLmNvbnRyaWIuYXV0aC5iYWNrZW5kcy5Nb2RlbEJhY2tlbmQiLCJfYXV0aF91c2VyX2hhc2giOiI4YWRlNzU4OTBiODQxNmIwM2JhNGNkYjllZmFmZjRmYTRjMGFkZmY3In0=", "expire_date": "2020-05-01T08:33:44.309Z"}}, {"model": "sessions.session", "pk": "96r8qd95yr7vr0ftteg0jsnb207wjuzc", "fields": {"session_data": "YjU2YzZjNTBhOTgwYzM0OTMzNzE0MDBkNGMxZGEyOWMzZGJhYzEyZTp7Il9hdXRoX3VzZXJfaWQiOiIyIiwiX2F1dGhfdXNlcl9iYWNrZW5kIjoiZGphbmdvLmNvbnRyaWIuYXV0aC5iYWNrZW5kcy5Nb2RlbEJhY2tlbmQiLCJfYXV0aF91c2VyX2hhc2giOiJiMGNkZGQ0YTFiMDFmYWJhNjA4MGY2MGI0ZTEzY2Y0NDhiOGU1ODJjIn0=", "expire_date": "2020-05-01T08:22:16.397Z"}}, {"model": "sessions.session", "pk": "ed0rt8telbdhowjybatkpjxkmm130pgd", "fields": {"session_data": "ZGFiNTgxNzNlYzAzYzk4YWNlMjA5ZmJiNjNmYjVlOWEwYTQyZGY5MTp7Il9hdXRoX3VzZXJfaWQiOiIxIiwiX2F1dGhfdXNlcl9iYWNrZW5kIjoiZGphbmdvLmNvbnRyaWIuYXV0aC5iYWNrZW5kcy5Nb2RlbEJhY2tlbmQiLCJfYXV0aF91c2VyX2hhc2giOiIxYTQ2MjhjZGQxZTM4NTliZWExZTFhYTZiMGEwNGFlYjYxNDZmMmUxIn0=", "expire_date": "2020-04-28T15:48:57.681Z"}}, {"model": "sessions.session", "pk": "jcj3yfiubd4c3rkuqxqjk4086e829o0v", "fields": {"session_data": "YWExMzdhMjg2ZDc0MmM5NDJiMDVjYjg1ODMxMTIxZmFiZGFkZjNjNTp7Il9hdXRoX3VzZXJfaWQiOiIzIiwiX2F1dGhfdXNlcl9iYWNrZW5kIjoiZGphbmdvLmNvbnRyaWIuYXV0aC5iYWNrZW5kcy5Nb2RlbEJhY2tlbmQiLCJfYXV0aF91c2VyX2hhc2giOiIxYjVlNmRkZmE0ODkxZDE5ZGYyNjEzNzZjM2Q0Y2Q0Njc3MWZmNjZkIn0=", "expire_date": "2020-05-01T08:38:30.365Z"}}, {"model": "sessions.session", "pk": "qtw25x2fecfmgsgloqp8ljxica54p3jk", "fields": {"session_data": "MTlhZWNmYWNhZWE4ODU0OTA3ZDg3Y2I0ZjZiY2YzMGQ2Njg4NWIwMDp7Il9hdXRoX3VzZXJfaWQiOiI1IiwiX2F1dGhfdXNlcl9iYWNrZW5kIjoiZGphbmdvLmNvbnRyaWIuYXV0aC5iYWNrZW5kcy5Nb2RlbEJhY2tlbmQiLCJfYXV0aF91c2VyX2hhc2giOiI4ZWNmN2FhNWMxYzAxOWMxNzkxNGU0Nzc5MDk0ZTc1ZGFjNTZjOGZlIn0=", "expire_date": "2020-05-01T08:23:52.876Z"}}, {"model": "chat.topic", "pk": "General", "fields": {}}, {"model": "chat.topic", "pk": "MBSTeam", "fields": {}}, {"model": "chat.message", "pk": 16, "fields": {"sender": 5, "fullname": null, "topic": "General", "message": "deneme", "timestamp": "2020-04-17T08:26:44.617Z"}}, {"model": "chat.message", "pk": 17, "fields": {"sender": 4, "fullname": null, "topic": "MBSTeam", "message": "Merhaba", "timestamp": "2020-04-17T08:39:11.879Z"}}, {"model": "chat.membership", "pk": 1, "fields": {"member": 2, "topic": "MBSTeam"}}, {"model": "chat.membership", "pk": 2, "fields": {"member": 2, "topic": "General"}}, {"model": "chat.membership", "pk": 3, "fields": {"member": 4, "topic": "General"}}, {"model": "chat.membership", "pk": 4, "fields": {"member": 4, "topic": "MBSTeam"}}, {"model": "chat.membership", "pk": 5, "fields": {"member": 1, "topic": "MBSTeam"}}, {"model": "chat.membership", "pk": 6, "fields": {"member": 3, "topic": "General"}}, {"model": "chat.membership", "pk": 7, "fields": {"member": 7, "topic": "General"}}, {"model": "chat.membership", "pk": 8, "fields": {"member": 7, "topic": "MBSTeam"}}, {"model": "chat.membership", "pk": 9, "fields": {"member": 5, "topic": "General"}}, {"model": "chat.membership", "pk": 10, "fields": {"member": 5, "topic": "MBSTeam"}}, {"model": "chat.membership", "pk": 11, "fields": {"member": 6, "topic": "General"}}, {"model": "chat.membership", "pk": 12, "fields": {"member": 6, "topic": "MBSTeam"}}, {"model": "auth.permission", "pk": 1, "fields": {"name": "Can add audit entry", "content_type": 1, "codename": "add_auditentry"}}, {"model": "auth.permission", "pk": 2, "fields": {"name": "Can change audit entry", "content_type": 1, "codename": "change_auditentry"}}, {"model": "auth.permission", "pk": 3, "fields": {"name": "Can delete audit entry", "content_type": 1, "codename": "delete_auditentry"}}, {"model": "auth.permission", "pk": 4, "fields": {"name": "Can view audit entry", "content_type": 1, "codename": "view_auditentry"}}, {"model": "auth.permission", "pk": 5, "fields": {"name": "Can add log entry", "content_type": 2, "codename": "add_logentry"}}, {"model": "auth.permission", "pk": 6, "fields": {"name": "Can change log entry", "content_type": 2, "codename": "change_logentry"}}, {"model": "auth.permission", "pk": 7, "fields": {"name": "Can delete log entry", "content_type": 2, "codename": "delete_logentry"}}, {"model": "auth.permission", "pk": 8, "fields": {"name": "Can view log entry", "content_type": 2, "codename": "view_logentry"}}, {"model": "auth.permission", "pk": 9, "fields": {"name": "Can add permission", "content_type": 3, "codename": "add_permission"}}, {"model": "auth.permission", "pk": 10, "fields": {"name": "Can change permission", "content_type": 3, "codename": "change_permission"}}, {"model": "auth.permission", "pk": 11, "fields": {"name": "Can delete permission", "content_type": 3, "codename": "delete_permission"}}, {"model": "auth.permission", "pk": 12, "fields": {"name": "Can view permission", "content_type": 3, "codename": "view_permission"}}, {"model": "auth.permission", "pk": 13, "fields": {"name": "Can add group", "content_type": 4, "codename": "add_group"}}, {"model": "auth.permission", "pk": 14, "fields": {"name": "Can change group", "content_type": 4, "codename": "change_group"}}, {"model": "auth.permission", "pk": 15, "fields": {"name": "Can delete group", "content_type": 4, "codename": "delete_group"}}, {"model": "auth.permission", "pk": 16, "fields": {"name": "Can view group", "content_type": 4, "codename": "view_group"}}, {"model": "auth.permission", "pk": 17, "fields": {"name": "Can add user", "content_type": 5, "codename": "add_user"}}, {"model": "auth.permission", "pk": 18, "fields": {"name": "Can change user", "content_type": 5, "codename": "change_user"}}, {"model": "auth.permission", "pk": 19, "fields": {"name": "Can delete user", "content_type": 5, "codename": "delete_user"}}, {"model": "auth.permission", "pk": 20, "fields": {"name": "Can view user", "content_type": 5, "codename": "view_user"}}, {"model": "auth.permission", "pk": 21, "fields": {"name": "Can add content type", "content_type": 6, "codename": "add_contenttype"}}, {"model": "auth.permission", "pk": 22, "fields": {"name": "Can change content type", "content_type": 6, "codename": "change_contenttype"}}, {"model": "auth.permission", "pk": 23, "fields": {"name": "Can delete content type", "content_type": 6, "codename": "delete_contenttype"}}, {"model": "auth.permission", "pk": 24, "fields": {"name": "Can view content type", "content_type": 6, "codename": "view_contenttype"}}, {"model": "auth.permission", "pk": 25, "fields": {"name": "Can add session", "content_type": 7, "codename": "add_session"}}, {"model": "auth.permission", "pk": 26, "fields": {"name": "Can change session", "content_type": 7, "codename": "change_session"}}, {"model": "auth.permission", "pk": 27, "fields": {"name": "Can delete session", "content_type": 7, "codename": "delete_session"}}, {"model": "auth.permission", "pk": 28, "fields": {"name": "Can view session", "content_type": 7, "codename": "view_session"}}, {"model": "auth.permission", "pk": 29, "fields": {"name": "Can add Token", "content_type": 8, "codename": "add_token"}}, {"model": "auth.permission", "pk": 30, "fields": {"name": "Can change Token", "content_type": 8, "codename": "change_token"}}, {"model": "auth.permission", "pk": 31, "fields": {"name": "Can delete Token", "content_type": 8, "codename": "delete_token"}}, {"model": "auth.permission", "pk": 32, "fields": {"name": "Can view Token", "content_type": 8, "codename": "view_token"}}, {"model": "auth.permission", "pk": 33, "fields": {"name": "Can add post", "content_type": 9, "codename": "add_post"}}, {"model": "auth.permission", "pk": 34, "fields": {"name": "Can change post", "content_type": 9, "codename": "change_post"}}, {"model": "auth.permission", "pk": 35, "fields": {"name": "Can delete post", "content_type": 9, "codename": "delete_post"}}, {"model": "auth.permission", "pk": 36, "fields": {"name": "Can view post", "content_type": 9, "codename": "view_post"}}, {"model": "auth.permission", "pk": 37, "fields": {"name": "Can add subscriber", "content_type": 10, "codename": "add_subscriber"}}, {"model": "auth.permission", "pk": 38, "fields": {"name": "Can change subscriber", "content_type": 10, "codename": "change_subscriber"}}, {"model": "auth.permission", "pk": 39, "fields": {"name": "Can delete subscriber", "content_type": 10, "codename": "delete_subscriber"}}, {"model": "auth.permission", "pk": 40, "fields": {"name": "Can view subscriber", "content_type": 10, "codename": "view_subscriber"}}, {"model": "auth.permission", "pk": 41, "fields": {"name": "Can add membership", "content_type": 11, "codename": "add_membership"}}, {"model": "auth.permission", "pk": 42, "fields": {"name": "Can change membership", "content_type": 11, "codename": "change_membership"}}, {"model": "auth.permission", "pk": 43, "fields": {"name": "Can delete membership", "content_type": 11, "codename": "delete_membership"}}, {"model": "auth.permission", "pk": 44, "fields": {"name": "Can view membership", "content_type": 11, "codename": "view_membership"}}, {"model": "auth.permission", "pk": 45, "fields": {"name": "Can add message", "content_type": 12, "codename": "add_message"}}, {"model": "auth.permission", "pk": 46, "fields": {"name": "Can change message", "content_type": 12, "codename": "change_message"}}, {"model": "auth.permission", "pk": 47, "fields": {"name": "Can delete message", "content_type": 12, "codename": "delete_message"}}, {"model": "auth.permission", "pk": 48, "fields": {"name": "Can view message", "content_type": 12, "codename": "view_message"}}, {"model": "auth.permission", "pk": 49, "fields": {"name": "Can add topic", "content_type": 13, "codename": "add_topic"}}, {"model": "auth.permission", "pk": 50, "fields": {"name": "Can change topic", "content_type": 13, "codename": "change_topic"}}, {"model": "auth.permission", "pk": 51, "fields": {"name": "Can delete topic", "content_type": 13, "codename": "delete_topic"}}, {"model": "auth.permission", "pk": 52, "fields": {"name": "Can view topic", "content_type": 13, "codename": "view_topic"}}, {"model": "auth.user", "pk": 1, "fields": {"password": "pbkdf2_sha256$120000$OiAS115g9dfS$kTEKumeJ+HdzbeIwXzvLKwnDw+/SeGChJq/ieCDdWBY=", "last_login": "2020-04-17T01:55:07.434Z", "is_superuser": true, "username": "admin", "first_name": "", "last_name": "", "email": "admin@admin.com", "is_staff": true, "is_active": true, "date_joined": "2020-04-11T09:53:51.799Z", "groups": [], "user_permissions": []}}, {"model": "auth.user", "pk": 2, "fields": {"password": "pbkdf2_sha256$120000$jSNezTWvtOqH$6KZ5aXpEfMWUuU2srlCZoexxKipeU5TlAON/8R9RB1U=", "last_login": "2020-04-17T08:22:16.385Z", "is_superuser": true, "username": "onur", "first_name": "Onur", "last_name": "Aydin", "email": "", "is_staff": true, "is_active": true, "date_joined": "2020-04-11T09:54:24Z", "groups": [], "user_permissions": []}}, {"model": "auth.user", "pk": 3, "fields": {"password": "pbkdf2_sha256$120000$winjZQg5jeXE$IXrCpiaMCECUR3aQUy0leorxNh3x0dJLeLmkLEUb9xs=", "last_login": "2020-04-17T08:38:30.353Z", "is_superuser": true, "username": "mert", "first_name": "Mert Anil", "last_name": "Yilmaz", "email": "", "is_staff": true, "is_active": true, "date_joined": "2020-04-11T09:54:40Z", "groups": [], "user_permissions": []}}, {"model": "auth.user", "pk": 4, "fields": {"password": "pbkdf2_sha256$120000$ybXLq8y8MR4r$B6jGjppEDe/5Ezhx2Wo36jmY1haXxS8aQfVQ32MwGs8=", "last_login": null, "is_superuser": false, "username": "test", "first_name": "", "last_name": "", "email": "", "is_staff": false, "is_active": true, "date_joined": "2020-04-11T09:54:54.092Z", "groups": [], "user_permissions": []}}, {"model": "auth.user", "pk": 5, "fields": {"password": "pbkdf2_sha256$120000$5EuWXBKwpwpC$FVITsLR6InwdIAkv3H7La1PTyK7iccmw22zSd66ikP0=", "last_login": "2020-04-17T08:23:52.863Z", "is_superuser": true, "username": "yasin", "first_name": "Yasin", "last_name": "Uysal", "email": "", "is_staff": true, "is_active": true, "date_joined": "2020-04-17T07:35:47Z", "groups": [], "user_permissions": []}}, {"model": "auth.user", "pk": 6, "fields": {"password": "pbkdf2_sha256$120000$7i8QqvZUCILz$t4LCrOnoRUeRXGjJWhVu8Ikl9a/12nNWcCXuocBx7Zk=", "last_login": "2020-04-17T08:33:44.297Z", "is_superuser": true, "username": "onurcan", "first_name": "Onur Can", "last_name": "Unal", "email": "", "is_staff": true, "is_active": true, "date_joined": "2020-04-17T07:36:14Z", "groups": [], "user_permissions": []}}, {"model": "auth.user", "pk": 7, "fields": {"password": "pbkdf2_sha256$120000$VfI4wiDFq5mM$tWiHpOTcI8rSlIE3M0wAcWP7xgl9k0QTOUNG4ct3tGk=", "last_login": null, "is_superuser": true, "username": "ertan", "first_name": "Ertan", "last_name": "Onur", "email": "", "is_staff": true, "is_active": true, "date_joined": "2020-04-17T07:38:45Z", "groups": [], "user_permissions": []}}, {"model": "authtoken.token", "pk": "344654486c460f64b73ea229161d47edb517d36b", "fields": {"user": 2, "created": "2020-04-17T02:14:43.030Z"}}, {"model": "authtoken.token", "pk": "59a0b54d9a5eb8b166c423d68860084e4b997739", "fields": {"user": 1, "created": "2020-04-11T10:26:56.062Z"}}, {"model": "subscribers.subscriber", "pk": 1, "fields": {"user": 1, "username": "admin", "title": "admin", "slug": "admin", "fullname": "admin admin", "timestamp": "2020-04-11T09:55:25.013Z", "latitude": null, "longitude": null}}, {"model": "subscribers.subscriber", "pk": 2, "fields": {"user": 2, "username": "onur", "title": "devops", "slug": "onur", "fullname": "Onur Aydin", "timestamp": "2020-04-11T09:55:41.630Z", "latitude": null, "longitude": null}}, {"model": "subscribers.subscriber", "pk": 3, "fields": {"user": 4, "username": "test", "title": "tester", "slug": "tester", "fullname": "tester test", "timestamp": "2020-04-11T09:56:08.076Z", "latitude": null, "longitude": null}}, {"model": "subscribers.subscriber", "pk": 4, "fields": {"user": 3, "username": "mert", "title": "devops", "slug": "mert", "fullname": "Mert Anil Yilmaz", "timestamp": "2020-04-11T09:56:34.551Z", "latitude": null, "longitude": null}}, {"model": "subscribers.subscriber", "pk": 5, "fields": {"user": 5, "username": "yasin", "title": "devops", "slug": "devops", "fullname": "Yasin Uysal", "timestamp": "2020-04-17T07:41:00.021Z", "latitude": null, "longitude": null}}, {"model": "subscribers.subscriber", "pk": 6, "fields": {"user": 7, "username": "ertan", "title": "Advisor", "slug": "advisor", "fullname": "Ertan Onur", "timestamp": "2020-04-17T07:42:50.964Z", "latitude": null, "longitude": null}}, {"model": "subscribers.subscriber", "pk": 7, "fields": {"user": 6, "username": "onurcan", "title": "devops", "slug": "devops-ruii", "fullname": "Onur Can Unal", "timestamp": "2020-04-17T07:43:22.476Z", "latitude": null, "longitude": null}}, {"model": "admin.logentry", "pk": 1, "fields": {"action_time": "2020-04-11T09:54:24.855Z", "user": 1, "content_type": 5, "object_id": "2", "object_repr": "onur", "action_flag": 1, "change_message": "[{\"added\": {}}]"}}, {"model": "admin.logentry", "pk": 2, "fields": {"action_time": "2020-04-11T09:54:40.266Z", "user": 1, "content_type": 5, "object_id": "3", "object_repr": "mert", "action_flag": 1, "change_message": "[{\"added\": {}}]"}}, {"model": "admin.logentry", "pk": 3, "fields": {"action_time": "2020-04-11T09:54:54.145Z", "user": 1, "content_type": 5, "object_id": "4", "object_repr": "test", "action_flag": 1, "change_message": "[{\"added\": {}}]"}}, {"model": "admin.logentry", "pk": 4, "fields": {"action_time": "2020-04-11T09:55:25.013Z", "user": 1, "content_type": 10, "object_id": "1", "object_repr": "admin", "action_flag": 1, "change_message": "[{\"added\": {}}]"}}, {"model": "admin.logentry", "pk": 5, "fields": {"action_time": "2020-04-11T09:55:41.630Z", "user": 1, "content_type": 10, "object_id": "2", "object_repr": "onur", "action_flag": 1, "change_message": "[{\"added\": {}}]"}}, {"model": "admin.logentry", "pk": 6, "fields": {"action_time": "2020-04-11T09:56:08.076Z", "user": 1, "content_type": 10, "object_id": "3", "object_repr": "tester", "action_flag": 1, "change_message": "[{\"added\": {}}]"}}, {"model": "admin.logentry", "pk": 7, "fields": {"action_time": "2020-04-11T09:56:34.552Z", "user": 1, "content_type": 10, "object_id": "4", "object_repr": "mert", "action_flag": 1, "change_message": "[{\"added\": {}}]"}}, {"model": "admin.logentry", "pk": 8, "fields": {"action_time": "2020-04-11T10:04:55.659Z", "user": 1, "content_type": 13, "object_id": "General", "object_repr": "General", "action_flag": 1, "change_message": "[{\"added\": {}}]"}}, {"model": "admin.logentry", "pk": 9, "fields": {"action_time": "2020-04-11T10:05:08.006Z", "user": 1, "content_type": 13, "object_id": "MBSTeam", "object_repr": "MBSTeam", "action_flag": 1, "change_message": "[{\"added\": {}}]"}}, {"model": "admin.logentry", "pk": 10, "fields": {"action_time": "2020-04-11T10:06:10.353Z", "user": 1, "content_type": 11, "object_id": "1", "object_repr": "Membership object (1)", "action_flag": 1, "change_message": "[{\"added\": {}}]"}}, {"model": "admin.logentry", "pk": 11, "fields": {"action_time": "2020-04-11T10:06:31.575Z", "user": 1, "content_type": 11, "object_id": "2", "object_repr": "Membership object (2)", "action_flag": 1, "change_message": "[{\"added\": {}}]"}}, {"model": "admin.logentry", "pk": 12, "fields": {"action_time": "2020-04-11T10:06:47.282Z", "user": 1, "content_type": 11, "object_id": "3", "object_repr": "Membership object (3)", "action_flag": 1, "change_message": "[{\"added\": {}}]"}}, {"model": "admin.logentry", "pk": 13, "fields": {"action_time": "2020-04-11T10:06:58.780Z", "user": 1, "content_type": 11, "object_id": "4", "object_repr": "Membership object (4)", "action_flag": 1, "change_message": "[{\"added\": {}}]"}}, {"model": "admin.logentry", "pk": 14, "fields": {"action_time": "2020-04-11T10:07:13.820Z", "user": 1, "content_type": 11, "object_id": "5", "object_repr": "Membership object (5)", "action_flag": 1, "change_message": "[{\"added\": {}}]"}}, {"model": "admin.logentry", "pk": 15, "fields": {"action_time": "2020-04-11T10:07:21.521Z", "user": 1, "content_type": 11, "object_id": "6", "object_repr": "Membership object (6)", "action_flag": 1, "change_message": "[{\"added\": {}}]"}}, {"model": "admin.logentry", "pk": 16, "fields": {"action_time": "2020-04-11T10:07:46.863Z", "user": 1, "content_type": 12, "object_id": "1", "object_repr": "gen den", "action_flag": 1, "change_message": "[{\"added\": {}}]"}}, {"model": "admin.logentry", "pk": 17, "fields": {"action_time": "2020-04-11T10:10:50.203Z", "user": 1, "content_type": 12, "object_id": "2", "object_repr": "team den", "action_flag": 1, "change_message": "[{\"added\": {}}]"}}, {"model": "admin.logentry", "pk": 18, "fields": {"action_time": "2020-04-11T10:11:11.050Z", "user": 1, "content_type": 12, "object_id": "3", "object_repr": "adminn", "action_flag": 1, "change_message": "[{\"added\": {}}]"}}, {"model": "admin.logentry", "pk": 19, "fields": {"action_time": "2020-04-11T10:11:21.627Z", "user": 1, "content_type": 12, "object_id": "4", "object_repr": "teammm", "action_flag": 1, "change_message": "[{\"added\": {}}]"}}, {"model": "admin.logentry", "pk": 20, "fields": {"action_time": "2020-04-17T07:35:47.860Z", "user": 1, "content_type": 5, "object_id": "5", "object_repr": "yasin", "action_flag": 1, "change_message": "[{\"added\": {}}]"}}, {"model": "admin.logentry", "pk": 21, "fields": {"action_time": "2020-04-17T07:36:14.617Z", "user": 1, "content_type": 5, "object_id": "6", "object_repr": "onurcan", "action_flag": 1, "change_message": "[{\"added\": {}}]"}}, {"model": "admin.logentry", "pk": 22, "fields": {"action_time": "2020-04-17T07:36:48.001Z", "user": 1, "content_type": 5, "object_id": "6", "object_repr": "onurcan", "action_flag": 2, "change_message": "[{\"changed\": {\"fields\": [\"first_name\", \"last_name\", \"is_staff\", \"is_superuser\"]}}]"}}, {"model": "admin.logentry", "pk": 23, "fields": {"action_time": "2020-04-17T07:37:16.123Z", "user": 1, "content_type": 5, "object_id": "3", "object_repr": "mert", "action_flag": 2, "change_message": "[{\"changed\": {\"fields\": [\"first_name\", \"last_name\", \"is_staff\", \"is_superuser\"]}}]"}}, {"model": "admin.logentry", "pk": 24, "fields": {"action_time": "2020-04-17T07:37:42.585Z", "user": 1, "content_type": 5, "object_id": "2", "object_repr": "onur", "action_flag": 2, "change_message": "[{\"changed\": {\"fields\": [\"first_name\", \"last_name\", \"is_staff\", \"is_superuser\"]}}]"}}, {"model": "admin.logentry", "pk": 25, "fields": {"action_time": "2020-04-17T07:38:15.770Z", "user": 1, "content_type": 5, "object_id": "5", "object_repr": "yasin", "action_flag": 2, "change_message": "[{\"changed\": {\"fields\": [\"first_name\", \"last_name\", \"is_staff\", \"is_superuser\"]}}]"}}, {"model": "admin.logentry", "pk": 26, "fields": {"action_time": "2020-04-17T07:38:45.086Z", "user": 1, "content_type": 5, "object_id": "7", "object_repr": "ertan", "action_flag": 1, "change_message": "[{\"added\": {}}]"}}, {"model": "admin.logentry", "pk": 27, "fields": {"action_time": "2020-04-17T07:39:33.569Z", "user": 1, "content_type": 5, "object_id": "7", "object_repr": "ertan", "action_flag": 2, "change_message": "[{\"changed\": {\"fields\": [\"first_name\", \"last_name\", \"is_staff\", \"is_superuser\"]}}]"}}, {"model": "admin.logentry", "pk": 28, "fields": {"action_time": "2020-04-17T07:41:00.021Z", "user": 1, "content_type": 10, "object_id": "5", "object_repr": "devops", "action_flag": 1, "change_message": "[{\"added\": {}}]"}}, {"model": "admin.logentry", "pk": 29, "fields": {"action_time": "2020-04-17T07:41:28.022Z", "user": 1, "content_type": 10, "object_id": "4", "object_repr": "devops", "action_flag": 2, "change_message": "[{\"changed\": {\"fields\": [\"title\", \"fullname\"]}}]"}}, {"model": "admin.logentry", "pk": 30, "fields": {"action_time": "2020-04-17T07:41:50.804Z", "user": 1, "content_type": 10, "object_id": "2", "object_repr": "devops", "action_flag": 2, "change_message": "[{\"changed\": {\"fields\": [\"title\", \"fullname\"]}}]"}}, {"model": "admin.logentry", "pk": 31, "fields": {"action_time": "2020-04-17T07:42:50.964Z", "user": 1, "content_type": 10, "object_id": "6", "object_repr": "Advisor", "action_flag": 1, "change_message": "[{\"added\": {}}]"}}, {"model": "admin.logentry", "pk": 32, "fields": {"action_time": "2020-04-17T07:43:22.477Z", "user": 1, "content_type": 10, "object_id": "7", "object_repr": "devops", "action_flag": 1, "change_message": "[{\"added\": {}}]"}}, {"model": "admin.logentry", "pk": 33, "fields": {"action_time": "2020-04-17T07:45:23.196Z", "user": 1, "content_type": 11, "object_id": "7", "object_repr": "Membership object (7)", "action_flag": 1, "change_message": "[{\"added\": {}}]"}}, {"model": "admin.logentry", "pk": 34, "fields": {"action_time": "2020-04-17T07:45:32.272Z", "user": 1, "content_type": 11, "object_id": "8", "object_repr": "Membership object (8)", "action_flag": 1, "change_message": "[{\"added\": {}}]"}}, {"model": "admin.logentry", "pk": 35, "fields": {"action_time": "2020-04-17T07:45:50.664Z", "user": 1, "content_type": 11, "object_id": "9", "object_repr": "Membership object (9)", "action_flag": 1, "change_message": "[{\"added\": {}}]"}}, {"model": "admin.logentry", "pk": 36, "fields": {"action_time": "2020-04-17T07:46:02.775Z", "user": 1, "content_type": 11, "object_id": "10", "object_repr": "Membership object (10)", "action_flag": 1, "change_message": "[{\"added\": {}}]"}}, {"model": "admin.logentry", "pk": 37, "fields": {"action_time": "2020-04-17T07:46:38.049Z", "user": 1, "content_type": 11, "object_id": "11", "object_repr": "Membership object (11)", "action_flag": 1, "change_message": "[{\"added\": {}}]"}}, {"model": "admin.logentry", "pk": 38, "fields": {"action_time": "2020-04-17T07:46:46.595Z", "user": 1, "content_type": 11, "object_id": "12", "object_repr": "Membership object (12)", "action_flag": 1, "change_message": "[{\"added\": {}}]"}}, {"model": "admin.logentry", "pk": 39, "fields": {"action_time": "2020-04-17T08:26:08.612Z", "user": 2, "content_type": 12, "object_id": "15", "object_repr": "denemeee", "action_flag": 3, "change_message": ""}}, {"model": "admin.logentry", "pk": 40, "fields": {"action_time": "2020-04-17T08:26:08.625Z", "user": 2, "content_type": 12, "object_id": "14", "object_repr": "offf cok iyi", "action_flag": 3, "change_message": ""}}, {"model": "admin.logentry", "pk": 41, "fields": {"action_time": "2020-04-17T08:26:08.637Z", "user": 2, "content_type": 12, "object_id": "13", "object_repr": "yasinn", "action_flag": 3, "change_message": ""}}, {"model": "admin.logentry", "pk": 42, "fields": {"action_time": "2020-04-17T08:26:08.649Z", "user": 2, "content_type": 12, "object_id": "12", "object_repr": "geldim", "action_flag": 3, "change_message": ""}}, {"model": "admin.logentry", "pk": 43, "fields": {"action_time": "2020-04-17T08:26:08.662Z", "user": 2, "content_type": 12, "object_id": "11", "object_repr": "yasin geldin mi", "action_flag": 3, "change_message": ""}}, {"model": "admin.logentry", "pk": 44, "fields": {"action_time": "2020-04-17T08:26:08.674Z", "user": 2, "content_type": 12, "object_id": "10", "object_repr": "deneme", "action_flag": 3, "change_message": ""}}, {"model": "admin.logentry", "pk": 45, "fields": {"action_time": "2020-04-17T08:26:08.685Z", "user": 2, "content_type": 12, "object_id": "9", "object_repr": "asd", "action_flag": 3, "change_message": ""}}, {"model": "admin.logentry", "pk": 46, "fields": {"action_time": "2020-04-17T08:26:08.697Z", "user": 2, "content_type": 12, "object_id": "8", "object_repr": "sdasdasd", "action_flag": 3, "change_message": ""}}, {"model": "admin.logentry", "pk": 47, "fields": {"action_time": "2020-04-17T08:26:08.710Z", "user": 2, "content_type": 12, "object_id": "7", "object_repr": "", "action_flag": 3, "change_message": ""}}, {"model": "admin.logentry", "pk": 48, "fields": {"action_time": "2020-04-17T08:26:08.723Z", "user": 2, "content_type": 12, "object_id": "6", "object_repr": "deneme terminal", "action_flag": 3, "change_message": ""}}, {"model": "admin.logentry", "pk": 49, "fields": {"action_time": "2020-04-17T08:26:08.735Z", "user": 2, "content_type": 12, "object_id": "5", "object_repr": "deneme", "action_flag": 3, "change_message": ""}}, {"model": "admin.logentry", "pk": 50, "fields": {"action_time": "2020-04-17T08:26:08.747Z", "user": 2, "content_type": 12, "object_id": "4", "object_repr": "teammm", "action_flag": 3, "change_message": ""}}, {"model": "admin.logentry", "pk": 51, "fields": {"action_time": "2020-04-17T08:26:08.759Z", "user": 2, "content_type": 12, "object_id": "3", "object_repr": "adminn", "action_flag": 3, "change_message": ""}}, {"model": "admin.logentry", "pk": 52, "fields": {"action_time": "2020-04-17T08:26:08.773Z", "user": 2, "content_type": 12, "object_id": "2", "object_repr": "team den", "action_flag": 3, "change_message": ""}}, {"model": "admin.logentry", "pk": 53, "fields": {"action_time": "2020-04-17T08:26:08.786Z", "user": 2, "content_type": 12, "object_id": "1", "object_repr": "gen den", "action_flag": 3, "change_message": ""}}]