[{"model": "users.auditentry", "pk": 1, "fields": {"action": "user_logged_in", "ip": "127.0.0.1", "username": "admin", "login": "2020-04-11T09:54:09.925Z", "logout": null}}, {"model": "users.auditentry", "pk": 2, "fields": {"action": "user_login_failed", "ip": null, "username": "admin", "login": null, "logout": null}}, {"model": "users.auditentry", "pk": 3, "fields": {"action": "user_logged_out", "ip": "127.0.0.1", "username": "admin", "login": null, "logout": "2020-04-14T04:53:51.898Z"}}, {"model": "users.auditentry", "pk": 4, "fields": {"action": "user_logged_in", "ip": "127.0.0.1", "username": "admin", "login": "2020-04-14T04:59:03.698Z", "logout": null}}, {"model": "users.auditentry", "pk": 5, "fields": {"action": "user_logged_out", "ip": "127.0.0.1", "username": "admin", "login": null, "logout": "2020-04-14T04:59:24.844Z"}}, {"model": "users.auditentry", "pk": 6, "fields": {"action": "user_logged_in", "ip": "127.0.0.1", "username": "admin", "login": "2020-04-14T05:01:37.742Z", "logout": null}}, {"model": "users.auditentry", "pk": 7, "fields": {"action": "user_logged_out", "ip": "127.0.0.1", "username": "admin", "login": null, "logout": "2020-04-14T05:01:41.094Z"}}, {"model": "users.auditentry", "pk": 8, "fields": {"action": "user_logged_in", "ip": "127.0.0.1", "username": "admin", "login": "2020-04-14T05:02:18.943Z", "logout": null}}, {"model": "users.auditentry", "pk": 9, "fields": {"action": "user_logged_out", "ip": "127.0.0.1", "username": "admin", "login": null, "logout": "2020-04-14T05:02:34.996Z"}}, {"model": "users.auditentry", "pk": 10, "fields": {"action": "user_logged_in", "ip": "127.0.0.1", "username": "admin", "login": "2020-04-14T15:48:57.675Z", "logout": null}}, {"model": "users.auditentry", "pk": 11, "fields": {"action": "user_logged_in", "ip": "176.232.155.209", "username": "admin", "login": "2020-04-17T01:55:07.419Z", "logout": null}}, {"model": "users.auditentry", "pk": 12, "fields": {"action": "user_login_failed", "ip": null, "username": "onur", "login": null, "logout": null}}, {"model": "users.auditentry", "pk": 13, "fields": {"action": "user_logged_out", "ip": "176.232.155.209", "username": "admin", "login": null, "logout": "2020-04-17T08:22:06.157Z"}}, {"model": "users.auditentry", "pk": 14, "fields": {"action": "user_logged_in", "ip": "176.232.155.209", "username": "onur", "login": "2020-04-17T08:22:16.373Z", "logout": null}}, {"model": "users.auditentry", "pk": 15, "fields": {"action": "user_logged_in", "ip": "176.43.222.216", "username": "yasin", "login": "2020-04-17T08:23:52.851Z", "logout": null}}, {"model": "users.auditentry", "pk": 16, "fields": {"action": "user_logged_in", "ip": "176.88.75.108", "username": "onurcan", "login": "2020-04-17T08:33:44.285Z", "logout": null}}, {"model": "users.auditentry", "pk": 17, "fields": {"action": "user_logged_in", "ip": "176.232.155.209", "username": "mert", "login": "2020-04-17T08:38:30.341Z", "logout": null}}, {"model": "users.auditentry", "pk": 18, "fields": {"action": "user_login_failed", "ip": null, "username": "onur", "login": null, "logout": null}}, {"model": "users.auditentry", "pk": 19, "fields": {"action": "user_login_failed", "ip": null, "username": "onur", "login": null, "logout": null}}, {"model": "users.auditentry", "pk": 20, "fields": {"action": "user_logged_in", "ip": "192.168.1.26", "username": "onur", "login": "2020-04-16T18:13:25.187Z", "logout": null}}, {"model": "users.auditentry", "pk": 21, "fields": {"action": "user_logged_out", "ip": "127.0.0.1", "username": "admin", "login": null, "logout": "2020-04-20T00:54:30.889Z"}}, {"model": "users.auditentry", "pk": 22, "fields": {"action": "user_logged_in", "ip": "127.0.0.1", "username": "admin", "login": "2020-04-20T00:54:37.705Z", "logout": null}}, {"model": "users.auditentry", "pk": 23, "fields": {"action": "user_logged_in", "ip": "127.0.0.1", "username": "admin", "login": "2020-04-20T00:54:49.359Z", "logout": null}}, {"model": "users.auditentry", "pk": 24, "fields": {"action": "user_logged_out", "ip": "127.0.0.1", "username": "admin", "login": null, "logout": "2020-04-20T00:56:36.797Z"}}, {"model": "users.auditentry", "pk": 25, "fields": {"action": "user_logged_out", "ip": "127.0.0.1", "username": "onur", "login": null, "logout": "2020-04-20T00:57:47.778Z"}}, {"model": "users.auditentry", "pk": 26, "fields": {"action": "user_logged_in", "ip": "127.0.0.1", "username": "admin", "login": "2020-04-21T01:37:35.481Z", "logout": null}}, {"model": "users.auditentry", "pk": 27, "fields": {"action": "user_logged_out", "ip": "127.0.0.1", "username": "reduser11", "login": null, "logout": "2020-04-21T16:08:15.005Z"}}, {"model": "users.auditentry", "pk": 28, "fields": {"action": "user_logged_in", "ip": "127.0.0.1", "username": "admin", "login": "2020-04-21T17:55:55.954Z", "logout": null}}, {"model": "users.auditentry", "pk": 29, "fields": {"action": "user_logged_out", "ip": "127.0.0.1", "username": "admin", "login": null, "logout": "2020-04-21T17:59:21.761Z"}}, {"model": "users.auditentry", "pk": 30, "fields": {"action": "user_logged_in", "ip": "127.0.0.1", "username": "admin", "login": "2020-04-24T17:58:23.987Z", "logout": null}}, {"model": "users.auditentry", "pk": 31, "fields": {"action": "user_logged_out", "ip": "127.0.0.1", "username": "admin", "login": null, "logout": "2020-04-25T09:56:05.970Z"}}, {"model": "users.auditentry", "pk": 32, "fields": {"action": "user_logged_out", "ip": "127.0.0.1", "username": "admin", "login": null, "logout": "2020-05-03T00:48:15.777Z"}}, {"model": "users.auditentry", "pk": 33, "fields": {"action": "user_logged_in", "ip": "127.0.0.1", "username": "admin", "login": "2020-05-03T05:51:13.174Z", "logout": null}}, {"model": "users.auditentry", "pk": 34, "fields": {"action": "user_logged_out", "ip": "127.0.0.1", "username": "admin", "login": null, "logout": "2020-05-03T05:59:02.547Z"}}, {"model": "users.auditentry", "pk": 35, "fields": {"action": "user_logged_out", "ip": "127.0.0.1", "username": "admin", "login": null, "logout": "2020-05-03T05:59:10.965Z"}}, {"model": "users.auditentry", "pk": 36, "fields": {"action": "user_logged_out", "ip": "127.0.0.1", "username": "admin", "login": null, "logout": "2020-05-03T07:49:11.302Z"}}, {"model": "users.auditentry", "pk": 37, "fields": {"action": "user_logged_out", "ip": "127.0.0.1", "username": "admin", "login": null, "logout": "2020-05-10T15:24:37.404Z"}}, {"model": "users.auditentry", "pk": 38, "fields": {"action": "user_logged_out", "ip": "127.0.0.1", "username": "admin", "login": null, "logout": "2020-05-10T15:27:35.805Z"}}, {"model": "users.auditentry", "pk": 39, "fields": {"action": "user_logged_out", "ip": "127.0.0.1", "username": "admin", "login": null, "logout": "2020-05-10T15:31:23.293Z"}}, {"model": "users.auditentry", "pk": 40, "fields": {"action": "user_logged_out", "ip": "127.0.0.1", "username": "admin", "login": null, "logout": "2020-05-10T15:39:54.705Z"}}, {"model": "users.auditentry", "pk": 41, "fields": {"action": "user_logged_out", "ip": "127.0.0.1", "username": "admin", "login": null, "logout": "2020-05-10T15:50:59.314Z"}}, {"model": "users.auditentry", "pk": 42, "fields": {"action": "user_logged_out", "ip": "127.0.0.1", "username": "admin", "login": null, "logout": "2020-05-10T16:00:30.989Z"}}, {"model": "users.auditentry", "pk": 43, "fields": {"action": "user_logged_out", "ip": "127.0.0.1", "username": "admin", "login": null, "logout": "2020-05-10T16:20:27.907Z"}}, {"model": "users.auditentry", "pk": 44, "fields": {"action": "user_logged_out", "ip": "127.0.0.1", "username": "admin", "login": null, "logout": "2020-05-11T14:23:06.605Z"}}, {"model": "users.auditentry", "pk": 45, "fields": {"action": "user_logged_out", "ip": "127.0.0.1", "username": "admin", "login": null, "logout": "2020-05-11T14:23:48.043Z"}}, {"model": "users.auditentry", "pk": 46, "fields": {"action": "user_logged_out", "ip": "127.0.0.1", "username": "admin", "login": null, "logout": "2020-05-11T14:54:02.862Z"}}, {"model": "users.auditentry", "pk": 47, "fields": {"action": "user_logged_out", "ip": "127.0.0.1", "username": "admin", "login": null, "logout": "2020-05-11T14:55:16.119Z"}}, {"model": "users.auditentry", "pk": 48, "fields": {"action": "user_logged_out", "ip": "127.0.0.1", "username": "admin", "login": null, "logout": "2020-05-11T14:58:16.897Z"}}, {"model": "users.auditentry", "pk": 49, "fields": {"action": "user_logged_out", "ip": "127.0.0.1", "username": "admin", "login": null, "logout": "2020-05-11T15:01:08.272Z"}}, {"model": "users.auditentry", "pk": 50, "fields": {"action": "user_logged_out", "ip": "127.0.0.1", "username": "admin", "login": null, "logout": "2020-05-11T15:03:32.734Z"}}, {"model": "users.auditentry", "pk": 51, "fields": {"action": "user_logged_out", "ip": "127.0.0.1", "username": "admin", "login": null, "logout": "2020-05-11T15:09:34.197Z"}}, {"model": "users.auditentry", "pk": 52, "fields": {"action": "user_logged_out", "ip": "127.0.0.1", "username": "admin", "login": null, "logout": "2020-05-11T15:21:36.975Z"}}, {"model": "users.auditentry", "pk": 53, "fields": {"action": "user_logged_out", "ip": "127.0.0.1", "username": "admin", "login": null, "logout": "2020-05-11T15:29:51.324Z"}}, {"model": "users.auditentry", "pk": 54, "fields": {"action": "user_logged_out", "ip": "127.0.0.1", "username": "admin", "login": null, "logout": "2020-05-11T15:31:11.920Z"}}, {"model": "users.auditentry", "pk": 55, "fields": {"action": "user_logged_out", "ip": "127.0.0.1", "username": "admin", "login": null, "logout": "2020-05-11T15:38:09.761Z"}}, {"model": "users.auditentry", "pk": 56, "fields": {"action": "user_logged_in", "ip": "127.0.0.1", "username": "onur", "login": "2020-05-12T17:55:14.092Z", "logout": null}}, {"model": "users.auditentry", "pk": 57, "fields": {"action": "user_logged_in", "ip": "127.0.0.1", "username": "onur", "login": "2020-05-15T07:23:27.256Z", "logout": null}}, {"model": "users.auditentry", "pk": 58, "fields": {"action": "user_logged_out", "ip": "127.0.0.1", "username": "onur", "login": null, "logout": "2020-05-16T14:44:00.489Z"}}, {"model": "users.auditentry", "pk": 59, "fields": {"action": "user_logged_out", "ip": "127.0.0.1", "username": "onur", "login": null, "logout": "2020-05-16T16:26:37.729Z"}}, {"model": "users.auditentry", "pk": 60, "fields": {"action": "user_logged_out", "ip": "127.0.0.1", "username": "onur", "login": null, "logout": "2020-05-16T18:29:30.886Z"}}, {"model": "contenttypes.contenttype", "pk": 1, "fields": {"app_label": "users", "model": "auditentry"}}, {"model": "contenttypes.contenttype", "pk": 2, "fields": {"app_label": "admin", "model": "logentry"}}, {"model": "contenttypes.contenttype", "pk": 3, "fields": {"app_label": "auth", "model": "permission"}}, {"model": "contenttypes.contenttype", "pk": 4, "fields": {"app_label": "auth", "model": "group"}}, {"model": "contenttypes.contenttype", "pk": 5, "fields": {"app_label": "auth", "model": "user"}}, {"model": "contenttypes.contenttype", "pk": 6, "fields": {"app_label": "contenttypes", "model": "contenttype"}}, {"model": "contenttypes.contenttype", "pk": 7, "fields": {"app_label": "sessions", "model": "session"}}, {"model": "contenttypes.contenttype", "pk": 8, "fields": {"app_label": "authtoken", "model": "token"}}, {"model": "contenttypes.contenttype", "pk": 9, "fields": {"app_label": "posts", "model": "post"}}, {"model": "contenttypes.contenttype", "pk": 10, "fields": {"app_label": "subscribers", "model": "subscriber"}}, {"model": "contenttypes.contenttype", "pk": 11, "fields": {"app_label": "chat", "model": "membership"}}, {"model": "contenttypes.contenttype", "pk": 12, "fields": {"app_label": "chat", "model": "message"}}, {"model": "contenttypes.contenttype", "pk": 13, "fields": {"app_label": "chat", "model": "topic"}}, {"model": "contenttypes.contenttype", "pk": 14, "fields": {"app_label": "knox", "model": "authtoken"}}, {"model": "contenttypes.contenttype", "pk": 15, "fields": {"app_label": "subscribers", "model": "location"}}, {"model": "contenttypes.contenttype", "pk": 16, "fields": {"app_label": "django_celery_beat", "model": "crontabschedule"}}, {"model": "contenttypes.contenttype", "pk": 17, "fields": {"app_label": "django_celery_beat", "model": "intervalschedule"}}, {"model": "contenttypes.contenttype", "pk": 18, "fields": {"app_label": "django_celery_beat", "model": "periodictask"}}, {"model": "contenttypes.contenttype", "pk": 19, "fields": {"app_label": "django_celery_beat", "model": "periodictasks"}}, {"model": "contenttypes.contenttype", "pk": 20, "fields": {"app_label": "django_celery_beat", "model": "solarschedule"}}, {"model": "contenttypes.contenttype", "pk": 21, "fields": {"app_label": "django_celery_beat", "model": "clockedschedule"}}, {"model": "contenttypes.contenttype", "pk": 22, "fields": {"app_label": "django_celery_results", "model": "taskresult"}}, {"model": "sessions.session", "pk": "3hxgwjdts8cvpi4ssv0pr03or62pg588", "fields": {"session_data": "ODc2Y2QxNTBmOTMwZmE4YTJmYjNkMzAzYjAyNmMyZjVkOWE5MjUxNjp7Il9hdXRoX3VzZXJfaWQiOiI2IiwiX2F1dGhfdXNlcl9iYWNrZW5kIjoiZGphbmdvLmNvbnRyaWIuYXV0aC5iYWNrZW5kcy5Nb2RlbEJhY2tlbmQiLCJfYXV0aF91c2VyX2hhc2giOiI4YWRlNzU4OTBiODQxNmIwM2JhNGNkYjllZmFmZjRmYTRjMGFkZmY3In0=", "expire_date": "2020-05-01T08:33:44.309Z"}}, {"model": "sessions.session", "pk": "96r8qd95yr7vr0ftteg0jsnb207wjuzc", "fields": {"session_data": "YjU2YzZjNTBhOTgwYzM0OTMzNzE0MDBkNGMxZGEyOWMzZGJhYzEyZTp7Il9hdXRoX3VzZXJfaWQiOiIyIiwiX2F1dGhfdXNlcl9iYWNrZW5kIjoiZGphbmdvLmNvbnRyaWIuYXV0aC5iYWNrZW5kcy5Nb2RlbEJhY2tlbmQiLCJfYXV0aF91c2VyX2hhc2giOiJiMGNkZGQ0YTFiMDFmYWJhNjA4MGY2MGI0ZTEzY2Y0NDhiOGU1ODJjIn0=", "expire_date": "2020-05-01T08:22:16.397Z"}}, {"model": "sessions.session", "pk": "ed0rt8telbdhowjybatkpjxkmm130pgd", "fields": {"session_data": "ZGFiNTgxNzNlYzAzYzk4YWNlMjA5ZmJiNjNmYjVlOWEwYTQyZGY5MTp7Il9hdXRoX3VzZXJfaWQiOiIxIiwiX2F1dGhfdXNlcl9iYWNrZW5kIjoiZGphbmdvLmNvbnRyaWIuYXV0aC5iYWNrZW5kcy5Nb2RlbEJhY2tlbmQiLCJfYXV0aF91c2VyX2hhc2giOiIxYTQ2MjhjZGQxZTM4NTliZWExZTFhYTZiMGEwNGFlYjYxNDZmMmUxIn0=", "expire_date": "2020-04-28T15:48:57.681Z"}}, {"model": "sessions.session", "pk": "ifhqwq5z8xstfc96fhqu4znnx8nx8hjh", "fields": {"session_data": "YjU2YzZjNTBhOTgwYzM0OTMzNzE0MDBkNGMxZGEyOWMzZGJhYzEyZTp7Il9hdXRoX3VzZXJfaWQiOiIyIiwiX2F1dGhfdXNlcl9iYWNrZW5kIjoiZGphbmdvLmNvbnRyaWIuYXV0aC5iYWNrZW5kcy5Nb2RlbEJhY2tlbmQiLCJfYXV0aF91c2VyX2hhc2giOiJiMGNkZGQ0YTFiMDFmYWJhNjA4MGY2MGI0ZTEzY2Y0NDhiOGU1ODJjIn0=", "expire_date": "2020-04-30T18:13:25.193Z"}}, {"model": "sessions.session", "pk": "jcj3yfiubd4c3rkuqxqjk4086e829o0v", "fields": {"session_data": "YWExMzdhMjg2ZDc0MmM5NDJiMDVjYjg1ODMxMTIxZmFiZGFkZjNjNTp7Il9hdXRoX3VzZXJfaWQiOiIzIiwiX2F1dGhfdXNlcl9iYWNrZW5kIjoiZGphbmdvLmNvbnRyaWIuYXV0aC5iYWNrZW5kcy5Nb2RlbEJhY2tlbmQiLCJfYXV0aF91c2VyX2hhc2giOiIxYjVlNmRkZmE0ODkxZDE5ZGYyNjEzNzZjM2Q0Y2Q0Njc3MWZmNjZkIn0=", "expire_date": "2020-05-01T08:38:30.365Z"}}, {"model": "sessions.session", "pk": "qbgwnd9978gqoc0w78rrq1uhxr6rqz4g", "fields": {"session_data": "MTFjZmVkMzliYThmNDE5OTM0OGU3ODZjOTA1YzBmOTk5OTllYjA2NTp7Il9hdXRoX3VzZXJfaWQiOiIyIiwiX2F1dGhfdXNlcl9iYWNrZW5kIjoiZGphbmdvLmNvbnRyaWIuYXV0aC5iYWNrZW5kcy5Nb2RlbEJhY2tlbmQiLCJfYXV0aF91c2VyX2hhc2giOiI0MzlmMjQ2OWM4ZmI2NzIyMjI5ZTdiNDUyYTFiNDZhZjg4MzhmNTBjIn0=", "expire_date": "2020-05-29T07:23:27.262Z"}}, {"model": "sessions.session", "pk": "qqv8tpvmspsnke0tyxds0caxg2211xtk", "fields": {"session_data": "ZGFiNTgxNzNlYzAzYzk4YWNlMjA5ZmJiNjNmYjVlOWEwYTQyZGY5MTp7Il9hdXRoX3VzZXJfaWQiOiIxIiwiX2F1dGhfdXNlcl9iYWNrZW5kIjoiZGphbmdvLmNvbnRyaWIuYXV0aC5iYWNrZW5kcy5Nb2RlbEJhY2tlbmQiLCJfYXV0aF91c2VyX2hhc2giOiIxYTQ2MjhjZGQxZTM4NTliZWExZTFhYTZiMGEwNGFlYjYxNDZmMmUxIn0=", "expire_date": "2020-05-17T05:51:13.180Z"}}, {"model": "sessions.session", "pk": "qtw25x2fecfmgsgloqp8ljxica54p3jk", "fields": {"session_data": "MTlhZWNmYWNhZWE4ODU0OTA3ZDg3Y2I0ZjZiY2YzMGQ2Njg4NWIwMDp7Il9hdXRoX3VzZXJfaWQiOiI1IiwiX2F1dGhfdXNlcl9iYWNrZW5kIjoiZGphbmdvLmNvbnRyaWIuYXV0aC5iYWNrZW5kcy5Nb2RlbEJhY2tlbmQiLCJfYXV0aF91c2VyX2hhc2giOiI4ZWNmN2FhNWMxYzAxOWMxNzkxNGU0Nzc5MDk0ZTc1ZGFjNTZjOGZlIn0=", "expire_date": "2020-05-01T08:23:52.876Z"}}, {"model": "sessions.session", "pk": "yko857wy9vtnkabpzw8a94rdbap8vm3y", "fields": {"session_data": "YWExMzdhMjg2ZDc0MmM5NDJiMDVjYjg1ODMxMTIxZmFiZGFkZjNjNTp7Il9hdXRoX3VzZXJfaWQiOiIzIiwiX2F1dGhfdXNlcl9iYWNrZW5kIjoiZGphbmdvLmNvbnRyaWIuYXV0aC5iYWNrZW5kcy5Nb2RlbEJhY2tlbmQiLCJfYXV0aF91c2VyX2hhc2giOiIxYjVlNmRkZmE0ODkxZDE5ZGYyNjEzNzZjM2Q0Y2Q0Njc3MWZmNjZkIn0=", "expire_date": "2020-04-30T18:08:43.266Z"}}, {"model": "subscribers.location", "pk": "1207eac8-087a-494d-9a11-a243e79bd706", "fields": {"status": "[39.89203999976281, 32.79840200036094]", "timestamp": "2020-05-15T03:34:23.221Z"}}, {"model": "subscribers.location", "pk": "b0f8fde5-0079-4295-8a52-0262e6b00597", "fields": {"status": "[39.89203999976281, 32.79840200036094]", "timestamp": "2020-05-15T03:35:31.070Z"}}, {"model": "subscribers.location", "pk": "randimasdasd", "fields": {"status": "succes", "timestamp": "2020-05-15T13:17:50.928Z"}}, {"model": "chat.topic", "pk": "General", "fields": {}}, {"model": "chat.topic", "pk": "MBSTeam", "fields": {}}, {"model": "chat.message", "pk": 23, "fields": {"sender": 2, "fullname": null, "topic": "MBSTeam", "message": "ffff", "timestamp": "2020-05-11T17:08:53.682Z"}}, {"model": "chat.message", "pk": 24, "fields": {"sender": 2, "fullname": null, "topic": "General", "message": "qqqq", "timestamp": "2020-05-11T17:09:30.916Z"}}, {"model": "chat.message", "pk": 25, "fields": {"sender": 2, "fullname": null, "topic": "General", "message": "aaaa", "timestamp": "2020-05-12T18:00:37.948Z"}}, {"model": "chat.message", "pk": 26, "fields": {"sender": 2, "fullname": null, "topic": "General", "message": "asda", "timestamp": "2020-05-12T18:20:34.124Z"}}, {"model": "chat.message", "pk": 27, "fields": {"sender": 2, "fullname": null, "topic": "General", "message": "dsds", "timestamp": "2020-05-12T18:20:44.549Z"}}, {"model": "chat.message", "pk": 28, "fields": {"sender": 2, "fullname": null, "topic": "General", "message": "dddd", "timestamp": "2020-05-12T18:24:43.430Z"}}, {"model": "chat.message", "pk": 29, "fields": {"sender": 2, "fullname": null, "topic": "General", "message": "aaa", "timestamp": "2020-05-12T18:30:52.938Z"}}, {"model": "chat.message", "pk": 30, "fields": {"sender": 2, "fullname": null, "topic": "General", "message": "wewe", "timestamp": "2020-05-12T18:40:41.620Z"}}, {"model": "chat.message", "pk": 31, "fields": {"sender": 2, "fullname": null, "topic": "MBSTeam", "message": "aaaa", "timestamp": "2020-05-12T18:40:49.372Z"}}, {"model": "chat.message", "pk": 32, "fields": {"sender": 2, "fullname": null, "topic": "General", "message": "sdasd", "timestamp": "2020-05-14T06:12:32.869Z"}}, {"model": "chat.message", "pk": 33, "fields": {"sender": 2, "fullname": null, "topic": "General", "message": "asdasd", "timestamp": "2020-05-15T08:37:11.998Z"}}, {"model": "chat.message", "pk": 34, "fields": {"sender": 2, "fullname": null, "topic": "General", "message": "asdasd", "timestamp": "2020-05-15T08:38:54.963Z"}}, {"model": "chat.message", "pk": 35, "fields": {"sender": 2, "fullname": null, "topic": "General", "message": "asdasd", "timestamp": "2020-05-16T07:10:29.998Z"}}, {"model": "chat.message", "pk": 36, "fields": {"sender": 2, "fullname": null, "topic": "MBSTeam", "message": "aaaaaa", "timestamp": "2020-05-16T07:10:44.974Z"}}, {"model": "chat.membership", "pk": 1, "fields": {"member": 2, "topic": "MBSTeam"}}, {"model": "chat.membership", "pk": 2, "fields": {"member": 2, "topic": "General"}}, {"model": "chat.membership", "pk": 3, "fields": {"member": 4, "topic": "General"}}, {"model": "chat.membership", "pk": 4, "fields": {"member": 4, "topic": "MBSTeam"}}, {"model": "chat.membership", "pk": 5, "fields": {"member": 1, "topic": "MBSTeam"}}, {"model": "chat.membership", "pk": 6, "fields": {"member": 3, "topic": "General"}}, {"model": "chat.membership", "pk": 7, "fields": {"member": 7, "topic": "General"}}, {"model": "chat.membership", "pk": 8, "fields": {"member": 7, "topic": "MBSTeam"}}, {"model": "chat.membership", "pk": 9, "fields": {"member": 5, "topic": "General"}}, {"model": "chat.membership", "pk": 10, "fields": {"member": 5, "topic": "MBSTeam"}}, {"model": "chat.membership", "pk": 11, "fields": {"member": 6, "topic": "General"}}, {"model": "chat.membership", "pk": 12, "fields": {"member": 6, "topic": "MBSTeam"}}, {"model": "django_celery_beat.intervalschedule", "pk": 1, "fields": {"every": 10, "period": "seconds"}}, {"model": "django_celery_beat.intervalschedule", "pk": 2, "fields": {"every": 1, "period": "minutes"}}, {"model": "django_celery_beat.crontabschedule", "pk": 1, "fields": {"minute": "0", "hour": "4", "day_of_week": "*", "day_of_month": "*", "month_of_year": "*", "timezone": "UTC"}}, {"model": "django_celery_beat.crontabschedule", "pk": 2, "fields": {"minute": "*", "hour": "*", "day_of_week": "*", "day_of_month": "*", "month_of_year": "*", "timezone": "UTC"}}, {"model": "django_celery_beat.periodictasks", "pk": 1, "fields": {"last_update": "2020-05-16T03:54:38.110Z"}}, {"model": "django_celery_beat.periodictask", "pk": 11, "fields": {"name": "celery.backend_cleanup", "task": "celery.backend_cleanup", "interval": null, "crontab": 1, "solar": null, "clocked": null, "args": "[]", "kwargs": "{}", "queue": null, "exchange": null, "routing_key": null, "headers": "{}", "priority": null, "expires": null, "expire_seconds": 43200, "one_off": false, "start_time": null, "enabled": true, "last_run_at": "2020-05-16T04:00:00.000Z", "total_run_count": 1, "date_changed": "2020-05-16T04:00:43.171Z", "description": ""}}, {"model": "django_celery_beat.periodictask", "pk": 12, "fields": {"name": "calculate_loc", "task": "subscribers.tasks.calculate", "interval": 2, "crontab": null, "solar": null, "clocked": null, "args": "[]", "kwargs": "{}", "queue": null, "exchange": null, "routing_key": null, "headers": "{}", "priority": null, "expires": null, "expire_seconds": null, "one_off": false, "start_time": "2020-05-15T13:18:34Z", "enabled": true, "last_run_at": "2020-05-16T19:54:38.830Z", "total_run_count": 1030, "date_changed": "2020-05-16T19:55:20.778Z", "description": ""}}, {"model": "django_celery_beat.periodictask", "pk": 13, "fields": {"name": "estimate", "task": "subscribers.tasks.estimate_localization", "interval": 2, "crontab": null, "solar": null, "clocked": null, "args": "[]", "kwargs": "{}", "queue": null, "exchange": null, "routing_key": null, "headers": "{}", "priority": null, "expires": null, "expire_seconds": null, "one_off": false, "start_time": "2020-05-15T13:51:07Z", "enabled": true, "last_run_at": "2020-05-16T19:54:38.835Z", "total_run_count": 998, "date_changed": "2020-05-16T19:55:20.789Z", "description": ""}}, {"model": "auth.permission", "pk": 1, "fields": {"name": "Can add audit entry", "content_type": 1, "codename": "add_auditentry"}}, {"model": "auth.permission", "pk": 2, "fields": {"name": "Can change audit entry", "content_type": 1, "codename": "change_auditentry"}}, {"model": "auth.permission", "pk": 3, "fields": {"name": "Can delete audit entry", "content_type": 1, "codename": "delete_auditentry"}}, {"model": "auth.permission", "pk": 4, "fields": {"name": "Can view audit entry", "content_type": 1, "codename": "view_auditentry"}}, {"model": "auth.permission", "pk": 5, "fields": {"name": "Can add log entry", "content_type": 2, "codename": "add_logentry"}}, {"model": "auth.permission", "pk": 6, "fields": {"name": "Can change log entry", "content_type": 2, "codename": "change_logentry"}}, {"model": "auth.permission", "pk": 7, "fields": {"name": "Can delete log entry", "content_type": 2, "codename": "delete_logentry"}}, {"model": "auth.permission", "pk": 8, "fields": {"name": "Can view log entry", "content_type": 2, "codename": "view_logentry"}}, {"model": "auth.permission", "pk": 9, "fields": {"name": "Can add permission", "content_type": 3, "codename": "add_permission"}}, {"model": "auth.permission", "pk": 10, "fields": {"name": "Can change permission", "content_type": 3, "codename": "change_permission"}}, {"model": "auth.permission", "pk": 11, "fields": {"name": "Can delete permission", "content_type": 3, "codename": "delete_permission"}}, {"model": "auth.permission", "pk": 12, "fields": {"name": "Can view permission", "content_type": 3, "codename": "view_permission"}}, {"model": "auth.permission", "pk": 13, "fields": {"name": "Can add group", "content_type": 4, "codename": "add_group"}}, {"model": "auth.permission", "pk": 14, "fields": {"name": "Can change group", "content_type": 4, "codename": "change_group"}}, {"model": "auth.permission", "pk": 15, "fields": {"name": "Can delete group", "content_type": 4, "codename": "delete_group"}}, {"model": "auth.permission", "pk": 16, "fields": {"name": "Can view group", "content_type": 4, "codename": "view_group"}}, {"model": "auth.permission", "pk": 17, "fields": {"name": "Can add user", "content_type": 5, "codename": "add_user"}}, {"model": "auth.permission", "pk": 18, "fields": {"name": "Can change user", "content_type": 5, "codename": "change_user"}}, {"model": "auth.permission", "pk": 19, "fields": {"name": "Can delete user", "content_type": 5, "codename": "delete_user"}}, {"model": "auth.permission", "pk": 20, "fields": {"name": "Can view user", "content_type": 5, "codename": "view_user"}}, {"model": "auth.permission", "pk": 21, "fields": {"name": "Can add content type", "content_type": 6, "codename": "add_contenttype"}}, {"model": "auth.permission", "pk": 22, "fields": {"name": "Can change content type", "content_type": 6, "codename": "change_contenttype"}}, {"model": "auth.permission", "pk": 23, "fields": {"name": "Can delete content type", "content_type": 6, "codename": "delete_contenttype"}}, {"model": "auth.permission", "pk": 24, "fields": {"name": "Can view content type", "content_type": 6, "codename": "view_contenttype"}}, {"model": "auth.permission", "pk": 25, "fields": {"name": "Can add session", "content_type": 7, "codename": "add_session"}}, {"model": "auth.permission", "pk": 26, "fields": {"name": "Can change session", "content_type": 7, "codename": "change_session"}}, {"model": "auth.permission", "pk": 27, "fields": {"name": "Can delete session", "content_type": 7, "codename": "delete_session"}}, {"model": "auth.permission", "pk": 28, "fields": {"name": "Can view session", "content_type": 7, "codename": "view_session"}}, {"model": "auth.permission", "pk": 29, "fields": {"name": "Can add Token", "content_type": 8, "codename": "add_token"}}, {"model": "auth.permission", "pk": 30, "fields": {"name": "Can change Token", "content_type": 8, "codename": "change_token"}}, {"model": "auth.permission", "pk": 31, "fields": {"name": "Can delete Token", "content_type": 8, "codename": "delete_token"}}, {"model": "auth.permission", "pk": 32, "fields": {"name": "Can view Token", "content_type": 8, "codename": "view_token"}}, {"model": "auth.permission", "pk": 33, "fields": {"name": "Can add post", "content_type": 9, "codename": "add_post"}}, {"model": "auth.permission", "pk": 34, "fields": {"name": "Can change post", "content_type": 9, "codename": "change_post"}}, {"model": "auth.permission", "pk": 35, "fields": {"name": "Can delete post", "content_type": 9, "codename": "delete_post"}}, {"model": "auth.permission", "pk": 36, "fields": {"name": "Can view post", "content_type": 9, "codename": "view_post"}}, {"model": "auth.permission", "pk": 37, "fields": {"name": "Can add subscriber", "content_type": 10, "codename": "add_subscriber"}}, {"model": "auth.permission", "pk": 38, "fields": {"name": "Can change subscriber", "content_type": 10, "codename": "change_subscriber"}}, {"model": "auth.permission", "pk": 39, "fields": {"name": "Can delete subscriber", "content_type": 10, "codename": "delete_subscriber"}}, {"model": "auth.permission", "pk": 40, "fields": {"name": "Can view subscriber", "content_type": 10, "codename": "view_subscriber"}}, {"model": "auth.permission", "pk": 41, "fields": {"name": "Can add membership", "content_type": 11, "codename": "add_membership"}}, {"model": "auth.permission", "pk": 42, "fields": {"name": "Can change membership", "content_type": 11, "codename": "change_membership"}}, {"model": "auth.permission", "pk": 43, "fields": {"name": "Can delete membership", "content_type": 11, "codename": "delete_membership"}}, {"model": "auth.permission", "pk": 44, "fields": {"name": "Can view membership", "content_type": 11, "codename": "view_membership"}}, {"model": "auth.permission", "pk": 45, "fields": {"name": "Can add message", "content_type": 12, "codename": "add_message"}}, {"model": "auth.permission", "pk": 46, "fields": {"name": "Can change message", "content_type": 12, "codename": "change_message"}}, {"model": "auth.permission", "pk": 47, "fields": {"name": "Can delete message", "content_type": 12, "codename": "delete_message"}}, {"model": "auth.permission", "pk": 48, "fields": {"name": "Can view message", "content_type": 12, "codename": "view_message"}}, {"model": "auth.permission", "pk": 49, "fields": {"name": "Can add topic", "content_type": 13, "codename": "add_topic"}}, {"model": "auth.permission", "pk": 50, "fields": {"name": "Can change topic", "content_type": 13, "codename": "change_topic"}}, {"model": "auth.permission", "pk": 51, "fields": {"name": "Can delete topic", "content_type": 13, "codename": "delete_topic"}}, {"model": "auth.permission", "pk": 52, "fields": {"name": "Can view topic", "content_type": 13, "codename": "view_topic"}}, {"model": "auth.permission", "pk": 53, "fields": {"name": "Can add auth token", "content_type": 14, "codename": "add_authtoken"}}, {"model": "auth.permission", "pk": 54, "fields": {"name": "Can change auth token", "content_type": 14, "codename": "change_authtoken"}}, {"model": "auth.permission", "pk": 55, "fields": {"name": "Can delete auth token", "content_type": 14, "codename": "delete_authtoken"}}, {"model": "auth.permission", "pk": 56, "fields": {"name": "Can view auth token", "content_type": 14, "codename": "view_authtoken"}}, {"model": "auth.permission", "pk": 57, "fields": {"name": "Can add location", "content_type": 15, "codename": "add_location"}}, {"model": "auth.permission", "pk": 58, "fields": {"name": "Can change location", "content_type": 15, "codename": "change_location"}}, {"model": "auth.permission", "pk": 59, "fields": {"name": "Can delete location", "content_type": 15, "codename": "delete_location"}}, {"model": "auth.permission", "pk": 60, "fields": {"name": "Can view location", "content_type": 15, "codename": "view_location"}}, {"model": "auth.permission", "pk": 61, "fields": {"name": "Can add crontab", "content_type": 16, "codename": "add_crontabschedule"}}, {"model": "auth.permission", "pk": 62, "fields": {"name": "Can change crontab", "content_type": 16, "codename": "change_crontabschedule"}}, {"model": "auth.permission", "pk": 63, "fields": {"name": "Can delete crontab", "content_type": 16, "codename": "delete_crontabschedule"}}, {"model": "auth.permission", "pk": 64, "fields": {"name": "Can view crontab", "content_type": 16, "codename": "view_crontabschedule"}}, {"model": "auth.permission", "pk": 65, "fields": {"name": "Can add interval", "content_type": 17, "codename": "add_intervalschedule"}}, {"model": "auth.permission", "pk": 66, "fields": {"name": "Can change interval", "content_type": 17, "codename": "change_intervalschedule"}}, {"model": "auth.permission", "pk": 67, "fields": {"name": "Can delete interval", "content_type": 17, "codename": "delete_intervalschedule"}}, {"model": "auth.permission", "pk": 68, "fields": {"name": "Can view interval", "content_type": 17, "codename": "view_intervalschedule"}}, {"model": "auth.permission", "pk": 69, "fields": {"name": "Can add periodic task", "content_type": 18, "codename": "add_periodictask"}}, {"model": "auth.permission", "pk": 70, "fields": {"name": "Can change periodic task", "content_type": 18, "codename": "change_periodictask"}}, {"model": "auth.permission", "pk": 71, "fields": {"name": "Can delete periodic task", "content_type": 18, "codename": "delete_periodictask"}}, {"model": "auth.permission", "pk": 72, "fields": {"name": "Can view periodic task", "content_type": 18, "codename": "view_periodictask"}}, {"model": "auth.permission", "pk": 73, "fields": {"name": "Can add periodic tasks", "content_type": 19, "codename": "add_periodictasks"}}, {"model": "auth.permission", "pk": 74, "fields": {"name": "Can change periodic tasks", "content_type": 19, "codename": "change_periodictasks"}}, {"model": "auth.permission", "pk": 75, "fields": {"name": "Can delete periodic tasks", "content_type": 19, "codename": "delete_periodictasks"}}, {"model": "auth.permission", "pk": 76, "fields": {"name": "Can view periodic tasks", "content_type": 19, "codename": "view_periodictasks"}}, {"model": "auth.permission", "pk": 77, "fields": {"name": "Can add solar event", "content_type": 20, "codename": "add_solarschedule"}}, {"model": "auth.permission", "pk": 78, "fields": {"name": "Can change solar event", "content_type": 20, "codename": "change_solarschedule"}}, {"model": "auth.permission", "pk": 79, "fields": {"name": "Can delete solar event", "content_type": 20, "codename": "delete_solarschedule"}}, {"model": "auth.permission", "pk": 80, "fields": {"name": "Can view solar event", "content_type": 20, "codename": "view_solarschedule"}}, {"model": "auth.permission", "pk": 81, "fields": {"name": "Can add clocked", "content_type": 21, "codename": "add_clockedschedule"}}, {"model": "auth.permission", "pk": 82, "fields": {"name": "Can change clocked", "content_type": 21, "codename": "change_clockedschedule"}}, {"model": "auth.permission", "pk": 83, "fields": {"name": "Can delete clocked", "content_type": 21, "codename": "delete_clockedschedule"}}, {"model": "auth.permission", "pk": 84, "fields": {"name": "Can view clocked", "content_type": 21, "codename": "view_clockedschedule"}}, {"model": "auth.permission", "pk": 85, "fields": {"name": "Can add task result", "content_type": 22, "codename": "add_taskresult"}}, {"model": "auth.permission", "pk": 86, "fields": {"name": "Can change task result", "content_type": 22, "codename": "change_taskresult"}}, {"model": "auth.permission", "pk": 87, "fields": {"name": "Can delete task result", "content_type": 22, "codename": "delete_taskresult"}}, {"model": "auth.permission", "pk": 88, "fields": {"name": "Can view task result", "content_type": 22, "codename": "view_taskresult"}}, {"model": "auth.user", "pk": 1, "fields": {"password": "pbkdf2_sha256$120000$OiAS115g9dfS$kTEKumeJ+HdzbeIwXzvLKwnDw+/SeGChJq/ieCDdWBY=", "last_login": "2020-05-03T05:51:13.177Z", "is_superuser": true, "username": "admin", "first_name": "", "last_name": "", "email": "admin@admin.com", "is_staff": true, "is_active": true, "date_joined": "2020-04-11T09:53:51.799Z", "groups": [], "user_permissions": []}}, {"model": "auth.user", "pk": 2, "fields": {"password": "pbkdf2_sha256$150000$jcJYxMe6HOJ6$2Bw6thPhW/WMxMgvXVyFRI85j5eDOitXPfUXg5WefZo=", "last_login": "2020-05-15T07:23:27.259Z", "is_superuser": true, "username": "onur", "first_name": "Onur", "last_name": "Aydin", "email": "", "is_staff": true, "is_active": true, "date_joined": "2020-04-11T09:54:24Z", "groups": [], "user_permissions": []}}, {"model": "auth.user", "pk": 3, "fields": {"password": "pbkdf2_sha256$150000$LwgRWA4o73ks$QNlOwuFm7oj/DNdhueWrIFakxpXY5JVphIJmHLE4o2o=", "last_login": "2020-04-17T08:38:30.353Z", "is_superuser": true, "username": "mert", "first_name": "Mert Anil", "last_name": "Yilmaz", "email": "", "is_staff": true, "is_active": true, "date_joined": "2020-04-11T09:54:40Z", "groups": [], "user_permissions": []}}, {"model": "auth.user", "pk": 4, "fields": {"password": "pbkdf2_sha256$120000$ybXLq8y8MR4r$B6jGjppEDe/5Ezhx2Wo36jmY1haXxS8aQfVQ32MwGs8=", "last_login": null, "is_superuser": false, "username": "test", "first_name": "", "last_name": "", "email": "", "is_staff": false, "is_active": true, "date_joined": "2020-04-11T09:54:54.092Z", "groups": [], "user_permissions": []}}, {"model": "auth.user", "pk": 5, "fields": {"password": "pbkdf2_sha256$120000$5EuWXBKwpwpC$FVITsLR6InwdIAkv3H7La1PTyK7iccmw22zSd66ikP0=", "last_login": "2020-04-17T08:23:52.863Z", "is_superuser": true, "username": "yasin", "first_name": "Yasin", "last_name": "Uysal", "email": "", "is_staff": true, "is_active": true, "date_joined": "2020-04-17T07:35:47Z", "groups": [], "user_permissions": []}}, {"model": "auth.user", "pk": 6, "fields": {"password": "pbkdf2_sha256$120000$7i8QqvZUCILz$t4LCrOnoRUeRXGjJWhVu8Ikl9a/12nNWcCXuocBx7Zk=", "last_login": "2020-04-17T08:33:44.297Z", "is_superuser": true, "username": "onurcan", "first_name": "Onur Can", "last_name": "Unal", "email": "", "is_staff": true, "is_active": true, "date_joined": "2020-04-17T07:36:14Z", "groups": [], "user_permissions": []}}, {"model": "auth.user", "pk": 7, "fields": {"password": "pbkdf2_sha256$120000$VfI4wiDFq5mM$tWiHpOTcI8rSlIE3M0wAcWP7xgl9k0QTOUNG4ct3tGk=", "last_login": null, "is_superuser": true, "username": "ertan", "first_name": "Ertan", "last_name": "Onur", "email": "", "is_staff": true, "is_active": true, "date_joined": "2020-04-17T07:38:45Z", "groups": [], "user_permissions": []}}, {"model": "auth.user", "pk": 8, "fields": {"password": "pbkdf2_sha256$120000$rPpwzKwggJNO$ujHsGGKG02f8mPMb1tKDsWQ1DqrRNhsfYb2t0Xfna9k=", "last_login": null, "is_superuser": false, "username": "reduser", "first_name": "", "last_name": "", "email": "reduser@reduser.com", "is_staff": false, "is_active": true, "date_joined": "2020-04-21T05:45:22.214Z", "groups": [], "user_permissions": []}}, {"model": "auth.user", "pk": 9, "fields": {"password": "pbkdf2_sha256$120000$8W35oVUrG3n7$5vSa0eh6M1zQiJaWm/i0f/3Tz0Rv53CJ7tkkpXNFO3o=", "last_login": null, "is_superuser": false, "username": "reduser2", "first_name": "", "last_name": "", "email": "reduser@reduser.com", "is_staff": false, "is_active": true, "date_joined": "2020-04-21T05:47:14.642Z", "groups": [], "user_permissions": []}}, {"model": "auth.user", "pk": 10, "fields": {"password": "pbkdf2_sha256$120000$7PQEGWW0jpmo$Bz0cDUcBwyCHCzChm1aLx+FTp0A/xuyFg6Q2dyC6caw=", "last_login": null, "is_superuser": false, "username": "reduser3", "first_name": "", "last_name": "", "email": "reduser@reduser.com", "is_staff": false, "is_active": true, "date_joined": "2020-04-21T05:50:44.878Z", "groups": [], "user_permissions": []}}, {"model": "auth.user", "pk": 11, "fields": {"password": "pbkdf2_sha256$120000$Pg0KUrEvxevI$8IcByce/1CQ9ESMuG50czGhEm5FE8xxd7I+u3cdixcg=", "last_login": null, "is_superuser": false, "username": "reduser4", "first_name": "", "last_name": "", "email": "reduser@reduser.com", "is_staff": false, "is_active": true, "date_joined": "2020-04-21T05:55:26.805Z", "groups": [], "user_permissions": []}}, {"model": "auth.user", "pk": 12, "fields": {"password": "pbkdf2_sha256$120000$aaMsWbL8why2$dXgNsQjXMeSkN+kgsvOf2dZl7JMHzzWXS+lSFjJQ7OE=", "last_login": null, "is_superuser": false, "username": "reduser5", "first_name": "", "last_name": "", "email": "reduser@reduser.com", "is_staff": false, "is_active": true, "date_joined": "2020-04-21T05:55:56.715Z", "groups": [], "user_permissions": []}}, {"model": "auth.user", "pk": 13, "fields": {"password": "pbkdf2_sha256$120000$3JoQW5KmUX1j$p/rUInBIwVWC1c9K5yEUTYjIQtXmXHYRk8yawwsLgBE=", "last_login": null, "is_superuser": false, "username": "reduser7", "first_name": "", "last_name": "", "email": "reduser@reduser.com", "is_staff": false, "is_active": true, "date_joined": "2020-04-21T07:23:10.782Z", "groups": [], "user_permissions": []}}, {"model": "auth.user", "pk": 14, "fields": {"password": "pbkdf2_sha256$120000$N0QWl4oj4NVa$N218nQClshZFs1ma2JoYuQbHCdAiOrSAgSUPwjVOroU=", "last_login": null, "is_superuser": false, "username": "reduser8", "first_name": "", "last_name": "", "email": "reduser@reduser.com", "is_staff": false, "is_active": true, "date_joined": "2020-04-21T15:30:00.438Z", "groups": [], "user_permissions": []}}, {"model": "auth.user", "pk": 15, "fields": {"password": "pbkdf2_sha256$120000$UraRSKRaMZ7V$9GVkyelD+eHfjOWnONQ4QUinrJzNc/cAbMtRp0bAhV4=", "last_login": null, "is_superuser": false, "username": "reduser9", "first_name": "", "last_name": "", "email": "reduser@reduser.com", "is_staff": false, "is_active": true, "date_joined": "2020-04-21T15:51:16.632Z", "groups": [], "user_permissions": []}}, {"model": "auth.user", "pk": 16, "fields": {"password": "pbkdf2_sha256$120000$rnZ3rf1UF63n$zOFgaB4wQDrxaiuYQEHaTPXL4LKh8HBYmOPnkAm0Ves=", "last_login": null, "is_superuser": false, "username": "reduser10", "first_name": "", "last_name": "", "email": "reduser@reduser.com", "is_staff": false, "is_active": true, "date_joined": "2020-04-21T15:56:25.337Z", "groups": [], "user_permissions": []}}, {"model": "auth.user", "pk": 17, "fields": {"password": "pbkdf2_sha256$120000$l4xKvsBu5QIw$Fpw+2p8UKHYDGkb48ZB4R3lR5MGhKDT3Tiii7lR24D8=", "last_login": null, "is_superuser": false, "username": "reduser11", "first_name": "", "last_name": "", "email": "reduser@reduser.com", "is_staff": false, "is_active": true, "date_joined": "2020-04-21T16:07:31.062Z", "groups": [], "user_permissions": []}}, {"model": "auth.user", "pk": 18, "fields": {"password": "pbkdf2_sha256$120000$dgwI9gxlF55W$qpeh2XmvYzS6stHChqraWint5tWNggH/ZER2gg6mFTs=", "last_login": null, "is_superuser": false, "username": "buggy1", "first_name": "", "last_name": "", "email": "bug@bug.com", "is_staff": false, "is_active": true, "date_joined": "2020-05-03T00:41:35.783Z", "groups": [], "user_permissions": []}}, {"model": "auth.user", "pk": 19, "fields": {"password": "pbkdf2_sha256$120000$cVGvUdn8xr7c$stlRzwp3hE89SwCubgB2Gj3tc8+H/c0oZINogvU1QV4=", "last_login": null, "is_superuser": false, "username": "robot", "first_name": "", "last_name": "", "email": "", "is_staff": false, "is_active": true, "date_joined": "2020-05-14T15:23:07.006Z", "groups": [], "user_permissions": []}}, {"model": "auth.user", "pk": 20, "fields": {"password": "pbkdf2_sha256$120000$ytfx19rDttP2$ngZ5IAffXLjWyp1W9d5/InamTpEOtwY5cMuPDn3deCU=", "last_login": null, "is_superuser": false, "username": "target", "first_name": "", "last_name": "", "email": "", "is_staff": false, "is_active": true, "date_joined": "2020-05-14T15:23:38.696Z", "groups": [], "user_permissions": []}}, {"model": "auth.user", "pk": 21, "fields": {"password": "pbkdf2_sha256$150000$6W1cmIU9L1uH$HsfMOCIf0YJL0h+TLVG2KFNfwgyFCxM1N5geC8b206I=", "last_login": null, "is_superuser": false, "username": "asasfasasf", "first_name": "", "last_name": "", "email": "asdasda@gmail.com", "is_staff": false, "is_active": true, "date_joined": "2020-05-16T18:54:53.509Z", "groups": [], "user_permissions": []}}, {"model": "auth.user", "pk": 22, "fields": {"password": "pbkdf2_sha256$150000$7IYbEbRlh28e$a2HvBSMTuRxBITIXIpmdZDlbZawdrF8hl3Jndt8ok60=", "last_login": null, "is_superuser": false, "username": "denemee", "first_name": "", "last_name": "", "email": "asdasda@gmail.com", "is_staff": false, "is_active": true, "date_joined": "2020-05-16T18:55:26.717Z", "groups": [], "user_permissions": []}}, {"model": "auth.user", "pk": 23, "fields": {"password": "pbkdf2_sha256$150000$gKaNEvcU7Qg2$nv0PmqumhkeDwCcYW51gciCgU8EjwKMMJsvE5jUxX24=", "last_login": null, "is_superuser": false, "username": "asdasdasf", "first_name": "", "last_name": "", "email": "asdasda@gmail.com", "is_staff": false, "is_active": true, "date_joined": "2020-05-16T19:03:38.231Z", "groups": [], "user_permissions": []}}, {"model": "auth.user", "pk": 24, "fields": {"password": "pbkdf2_sha256$150000$Q676azfO9Ze2$EYKdo7AOmNcWq8xSzAkKALNm+LehCTheXHO6NtE1SCw=", "last_login": null, "is_superuser": false, "username": "asfwfqwq", "first_name": "", "last_name": "", "email": "asdasda@gmail.com", "is_staff": false, "is_active": true, "date_joined": "2020-05-16T19:35:39.673Z", "groups": [], "user_permissions": []}}, {"model": "knox.authtoken", "pk": "20113292eaae0665c4103a1cc1e05fb4e3e9cf5289b095f831065808073638fca3e7f7d9c7648d04104eb7540ce3b8f2ef9107170047c7c151e15438246192cf", "fields": {"token_key": "0f09aa76", "salt": "74569c3781b1958c", "user": 5, "created": "2020-04-21T15:53:29.999Z", "expiry": "2020-04-22T01:53:29.999Z"}}, {"model": "knox.authtoken", "pk": "22a3074c59721a2483e6880cbf1ab3b2190cec32545d02f00b28479cb0a5485c5764c3e3a019c43a7d395200caaec284e98e1d7b203e6d235825e3fbe2956209", "fields": {"token_key": "04b3e152", "salt": "a756eb83a1991c71", "user": 17, "created": "2020-04-21T16:07:31.145Z", "expiry": "2020-04-22T02:07:31.145Z"}}, {"model": "knox.authtoken", "pk": "2dd55883f0e30d589daaef8ee9b6668616c478fa89aa895cf5698b92429ee958578b4fd9dd3673d922e6d048354629dce691c7ed28c0ca8ae8159a8a948285d4", "fields": {"token_key": "5cff158a", "salt": "2ef087580cce70d8", "user": 14, "created": "2020-04-21T15:30:00.501Z", "expiry": "2020-04-22T01:30:00.501Z"}}, {"model": "knox.authtoken", "pk": "3a2a39fb7019ee32f3cd7d2cf175c6643fa691c441de949cd4092eb85c870b3c901f5c62048bffded6aa2518e13af483c519d7aca864298aeaee69314d0341df", "fields": {"token_key": "aafc5d47", "salt": "3969a99706da866a", "user": 13, "created": "2020-04-21T15:29:51.471Z", "expiry": "2020-04-22T01:29:51.471Z"}}, {"model": "knox.authtoken", "pk": "3e62e19cae9f3ddbc1b3336974ad8bd804e7288aab00bbcb0b622d0ccd422d93f4876ddbb5bc4e5af7781d3462973fc8c2b7d67c341c62749856fe476a35076b", "fields": {"token_key": "7f4d76de", "salt": "26dda618acfee923", "user": 2, "created": "2020-05-16T14:11:23.294Z", "expiry": "2020-05-17T00:11:23.294Z"}}, {"model": "knox.authtoken", "pk": "474e6ce576ebf22e0c968461d306584b54cbe5413eb31eeda04f1db20b103337a32b6c6809acc163210cec399f3f160f0b0f9f4db6432c3303c18ea7eb48e742", "fields": {"token_key": "a118d795", "salt": "046b29d3d6920dd5", "user": 8, "created": "2020-04-21T05:45:22.324Z", "expiry": "2020-04-21T15:45:22.324Z"}}, {"model": "knox.authtoken", "pk": "486ed434904d00d5e52369df5bcd23fe7bf93924a5593c6b607fa1467f77e6f49384c4812e340436108a686ffc861083151e5a8c490859f4de70807ece877d9d", "fields": {"token_key": "78825f61", "salt": "4b7ff47342d2aa02", "user": 18, "created": "2020-05-03T00:41:35.890Z", "expiry": "2020-05-03T10:41:35.889Z"}}, {"model": "knox.authtoken", "pk": "59d20b9d6e61d8180279c04654f3897bd47bdbbc414b89e216b68d0266021dcdf57db72e751696713952f4c664e3634ca2b2b421b00a44fbbf3cc73bdc707574", "fields": {"token_key": "bff1e89d", "salt": "0b5b003cfa690742", "user": 18, "created": "2020-05-03T05:38:21.624Z", "expiry": "2020-05-03T15:38:21.624Z"}}, {"model": "knox.authtoken", "pk": "5c7ab0bab113b0d7dc1f07369896bc2a1b915609b37ba540c5ee7a9765100f2dc2ca9481f37d209bc9fd8f40ac9eb03499dded639080bb323b5f5383d8d56602", "fields": {"token_key": "421a1a26", "salt": "cdb83453cd5b345f", "user": 10, "created": "2020-04-21T05:50:44.962Z", "expiry": "2020-04-21T15:50:44.962Z"}}, {"model": "knox.authtoken", "pk": "6dc7ce6b670ed784143dfa0681299973e1666043676d81e7d28fe7f67479271e1a6989ecb1668b061172805416179a22a0db3e6ec8894c82fd6c5a7d727eea6f", "fields": {"token_key": "dec8386f", "salt": "a84e629d162ad481", "user": 15, "created": "2020-04-21T15:51:29.372Z", "expiry": "2020-04-22T01:51:29.372Z"}}, {"model": "knox.authtoken", "pk": "6de803872eba670f20ab82fb29599d617c0ac5d1996fa796a603aa5e506cab6965186769a2c0482d0847b6393206c1fa67527c01f0c49b81caf5e9f1756e8e03", "fields": {"token_key": "fbe2b2ff", "salt": "d34926d6ff60d926", "user": 15, "created": "2020-04-21T15:51:16.695Z", "expiry": "2020-04-22T01:51:16.695Z"}}, {"model": "knox.authtoken", "pk": "8159b19f7678e5d0e04cef98e45657bdfa0f29d978d50b0cdec254a2ad92b7f7846b4dc2c99af9a658347a715206e9051576e8045aa91ac9a9101c7532a0015f", "fields": {"token_key": "10b64283", "salt": "7a958915fdf42d17", "user": 3, "created": "2020-05-16T14:46:42.687Z", "expiry": "2020-05-17T00:46:42.686Z"}}, {"model": "knox.authtoken", "pk": "8374b80dbda9f85169b9028f847d2017d473d21f9ce628eaac316eaf9e6b792877a408abd423963bde3420518fe4f98a7511d613db6caa53c20ea0d42ce740c0", "fields": {"token_key": "9b75bc51", "salt": "9b461be4d713585e", "user": 1, "created": "2020-05-14T15:45:35.357Z", "expiry": "2020-05-15T01:45:35.357Z"}}, {"model": "knox.authtoken", "pk": "8a7dec29c894060f0c84cf14f3059fdfd499c0d3a2cb7ceb6d2ee1e38308586135d98ed8955903e31b4993bd30e5338071a9b738428b0d84dd9951855ceb3395", "fields": {"token_key": "e9f7ec81", "salt": "e4a750c8176b69c7", "user": 16, "created": "2020-04-21T15:56:25.395Z", "expiry": "2020-04-22T01:56:25.395Z"}}, {"model": "knox.authtoken", "pk": "96ff6a0b91c795c9f8d649d3ed61e4ca7f9d0537537f0d23888b8bf5d968dcb481e4bd594c8c82812ec1ee4731ad4d78be71a954f47708d46e4cadda732de401", "fields": {"token_key": "19645d75", "salt": "c31b558ad4c9a960", "user": 5, "created": "2020-04-21T15:55:37.807Z", "expiry": "2020-04-22T01:55:37.807Z"}}, {"model": "knox.authtoken", "pk": "b856d9302e256a23022e6ca12d3608e0cca4285a756f157d07ed5aa7dd363f4d15583a1e63c741f8163e5a9b294aa5c24c8aebec518d15297a5994957a23d945", "fields": {"token_key": "8259938f", "salt": "6af489e8df4b7bbd", "user": 2, "created": "2020-05-16T18:29:35.214Z", "expiry": "2020-05-17T04:29:35.214Z"}}, {"model": "knox.authtoken", "pk": "bf0dfa243d2785feae20d29df15922d3d6c9dcd6788736e23572ec0692f4a2d9e179bd9f2a45ecc8b38f6c1299121d83638a02c63204ffb7c5abca5ff549653b", "fields": {"token_key": "72a53977", "salt": "d9a55f48d238723a", "user": 13, "created": "2020-04-21T07:23:10.864Z", "expiry": "2020-04-21T17:23:10.864Z"}}, {"model": "knox.authtoken", "pk": "c7c5a0e61922f7d81714718bd02f84dd826545241846fb886a00f7e9e780442d8997b1f55ea760ae92bff5576886003eedb8431692fab5e254c6c8cb35282177", "fields": {"token_key": "103b737d", "salt": "8f09a5e93ed985b1", "user": 9, "created": "2020-04-21T05:47:14.702Z", "expiry": "2020-04-21T15:47:14.701Z"}}, {"model": "knox.authtoken", "pk": "c838dbde2b41d528ff1945b71cbea74626e15d26257d1138e9ac6f74b757236f0d4d53f164e1372a8bde400321cc2198488394908891b679f76ba74df9ebb899", "fields": {"token_key": "5dd69052", "salt": "1c7c13952d47b92a", "user": 13, "created": "2020-04-21T15:28:39.856Z", "expiry": "2020-04-22T01:28:39.856Z"}}, {"model": "knox.authtoken", "pk": "c87cb41f65e4d67c9a0668b9570985c4b19995e28c2a34332e487dfdde9835a7d89b98ac6743297233e7a1fd7dfe6b37ea923dcf516ed524fe7162e3511e17d4", "fields": {"token_key": "21ff24d4", "salt": "c6b133589487c359", "user": 13, "created": "2020-04-21T15:50:24.436Z", "expiry": "2020-04-22T01:50:24.436Z"}}, {"model": "knox.authtoken", "pk": "ea6229a50b035e5d0cb9188e217d4784cf79f0c4da9536e13bb914a88508ebdac6f1d5f0efd8db70ef00d6d3f087d1f77e6f27db1629dab3fbf4de8f2df29d19", "fields": {"token_key": "f080568c", "salt": "1d24a7c09a58fd54", "user": 12, "created": "2020-04-21T05:55:56.798Z", "expiry": "2020-04-21T15:55:56.797Z"}}, {"model": "knox.authtoken", "pk": "f2f8ba3eeb1d39e494c2b63fdb69d5a12c8fd591589f2c89d54c158bc78480fb45069aead84baed105041a9cd69af4874824d0e19cd9272fa58d4d93a534772d", "fields": {"token_key": "e77d8aaa", "salt": "1a0d7d46d6fae9e8", "user": 11, "created": "2020-04-21T05:55:26.888Z", "expiry": "2020-04-21T15:55:26.888Z"}}, {"model": "authtoken.token", "pk": "344654486c460f64b73ea229161d47edb517d36b", "fields": {"user": 2, "created": "2020-04-17T02:14:43.030Z"}}, {"model": "authtoken.token", "pk": "36dcd5696a147c03fea29db3a419f9fc31102129", "fields": {"user": 15, "created": "2020-04-21T15:58:02.066Z"}}, {"model": "authtoken.token", "pk": "59a0b54d9a5eb8b166c423d68860084e4b997739", "fields": {"user": 1, "created": "2020-04-11T10:26:56.062Z"}}, {"model": "subscribers.subscriber", "pk": 1, "fields": {"user": 1, "username": "admin", "title": "admin", "fullname": "admin admin", "timestamp": "2020-04-11T09:55:25.013Z", "updated": "2020-05-14T15:43:21.851Z", "latitude": 39.889373, "longitude": 32.798859, "signalpower": -30}}, {"model": "subscribers.subscriber", "pk": 2, "fields": {"user": 2, "username": "onur", "title": "devops", "fullname": "Onur Aydin", "timestamp": "2020-04-11T09:55:41.630Z", "updated": "2020-05-16T04:29:53.132Z", "latitude": 39.891118, "longitude": 32.800356, "signalpower": 8}}, {"model": "subscribers.subscriber", "pk": 3, "fields": {"user": 4, "username": "test", "title": "tester", "fullname": "tester test", "timestamp": "2020-04-11T09:56:08.076Z", "updated": "2020-05-14T15:43:21.851Z", "latitude": 39.891448, "longitude": 32.802705, "signalpower": 30}}, {"model": "subscribers.subscriber", "pk": 4, "fields": {"user": 3, "username": "mert", "title": "devops", "fullname": "Mert Anil Yilmaz", "timestamp": "2020-04-11T09:56:34.551Z", "updated": "2020-05-14T15:43:21.851Z", "latitude": 39.893506, "longitude": 32.79747, "signalpower": -90}}, {"model": "subscribers.subscriber", "pk": 5, "fields": {"user": 5, "username": "yasin", "title": "devops", "fullname": "Yasin Uysal", "timestamp": "2020-04-17T07:41:00.021Z", "updated": "2020-05-14T15:43:21.851Z", "latitude": 39.89204, "longitude": 32.798402, "signalpower": -80}}, {"model": "subscribers.subscriber", "pk": 6, "fields": {"user": 7, "username": "ertan", "title": "Advisor", "fullname": "Ertan Onur", "timestamp": "2020-04-17T07:42:50.964Z", "updated": "2020-05-14T15:43:21.851Z", "latitude": 39.890871, "longitude": 32.79843, "signalpower": 80}}, {"model": "subscribers.subscriber", "pk": 7, "fields": {"user": 6, "username": "onurcan", "title": "devops", "fullname": "Onur Can Unal", "timestamp": "2020-04-17T07:43:22.476Z", "updated": "2020-05-14T15:43:21.851Z", "latitude": 39.893637, "longitude": 32.798508, "signalpower": 70}}, {"model": "subscribers.subscriber", "pk": 8, "fields": {"user": 19, "username": "robot", "title": "robot", "fullname": "The amazing robot", "timestamp": "2020-05-14T15:25:14.921Z", "updated": "2020-05-14T15:43:21.851Z", "latitude": 39.89171327150846, "longitude": 32.800055777660305, "signalpower": 0}}, {"model": "subscribers.subscriber", "pk": 9, "fields": {"user": 20, "username": "target", "title": "target", "fullname": "The desired target", "timestamp": "2020-05-14T15:26:57.460Z", "updated": "2020-05-14T15:43:21.851Z", "latitude": 39.89171201849293, "longitude": 32.79891489224894, "signalpower": 0}}, {"model": "admin.logentry", "pk": 1, "fields": {"action_time": "2020-04-11T09:54:24.855Z", "user": 1, "content_type": 5, "object_id": "2", "object_repr": "onur", "action_flag": 1, "change_message": "[{\"added\": {}}]"}}, {"model": "admin.logentry", "pk": 2, "fields": {"action_time": "2020-04-11T09:54:40.266Z", "user": 1, "content_type": 5, "object_id": "3", "object_repr": "mert", "action_flag": 1, "change_message": "[{\"added\": {}}]"}}, {"model": "admin.logentry", "pk": 3, "fields": {"action_time": "2020-04-11T09:54:54.145Z", "user": 1, "content_type": 5, "object_id": "4", "object_repr": "test", "action_flag": 1, "change_message": "[{\"added\": {}}]"}}, {"model": "admin.logentry", "pk": 4, "fields": {"action_time": "2020-04-11T09:55:25.013Z", "user": 1, "content_type": 10, "object_id": "1", "object_repr": "admin", "action_flag": 1, "change_message": "[{\"added\": {}}]"}}, {"model": "admin.logentry", "pk": 5, "fields": {"action_time": "2020-04-11T09:55:41.630Z", "user": 1, "content_type": 10, "object_id": "2", "object_repr": "onur", "action_flag": 1, "change_message": "[{\"added\": {}}]"}}, {"model": "admin.logentry", "pk": 6, "fields": {"action_time": "2020-04-11T09:56:08.076Z", "user": 1, "content_type": 10, "object_id": "3", "object_repr": "tester", "action_flag": 1, "change_message": "[{\"added\": {}}]"}}, {"model": "admin.logentry", "pk": 7, "fields": {"action_time": "2020-04-11T09:56:34.552Z", "user": 1, "content_type": 10, "object_id": "4", "object_repr": "mert", "action_flag": 1, "change_message": "[{\"added\": {}}]"}}, {"model": "admin.logentry", "pk": 8, "fields": {"action_time": "2020-04-11T10:04:55.659Z", "user": 1, "content_type": 13, "object_id": "General", "object_repr": "General", "action_flag": 1, "change_message": "[{\"added\": {}}]"}}, {"model": "admin.logentry", "pk": 9, "fields": {"action_time": "2020-04-11T10:05:08.006Z", "user": 1, "content_type": 13, "object_id": "MBSTeam", "object_repr": "MBSTeam", "action_flag": 1, "change_message": "[{\"added\": {}}]"}}, {"model": "admin.logentry", "pk": 10, "fields": {"action_time": "2020-04-11T10:06:10.353Z", "user": 1, "content_type": 11, "object_id": "1", "object_repr": "Membership object (1)", "action_flag": 1, "change_message": "[{\"added\": {}}]"}}, {"model": "admin.logentry", "pk": 11, "fields": {"action_time": "2020-04-11T10:06:31.575Z", "user": 1, "content_type": 11, "object_id": "2", "object_repr": "Membership object (2)", "action_flag": 1, "change_message": "[{\"added\": {}}]"}}, {"model": "admin.logentry", "pk": 12, "fields": {"action_time": "2020-04-11T10:06:47.282Z", "user": 1, "content_type": 11, "object_id": "3", "object_repr": "Membership object (3)", "action_flag": 1, "change_message": "[{\"added\": {}}]"}}, {"model": "admin.logentry", "pk": 13, "fields": {"action_time": "2020-04-11T10:06:58.780Z", "user": 1, "content_type": 11, "object_id": "4", "object_repr": "Membership object (4)", "action_flag": 1, "change_message": "[{\"added\": {}}]"}}, {"model": "admin.logentry", "pk": 14, "fields": {"action_time": "2020-04-11T10:07:13.820Z", "user": 1, "content_type": 11, "object_id": "5", "object_repr": "Membership object (5)", "action_flag": 1, "change_message": "[{\"added\": {}}]"}}, {"model": "admin.logentry", "pk": 15, "fields": {"action_time": "2020-04-11T10:07:21.521Z", "user": 1, "content_type": 11, "object_id": "6", "object_repr": "Membership object (6)", "action_flag": 1, "change_message": "[{\"added\": {}}]"}}, {"model": "admin.logentry", "pk": 16, "fields": {"action_time": "2020-04-11T10:07:46.863Z", "user": 1, "content_type": 12, "object_id": "1", "object_repr": "gen den", "action_flag": 1, "change_message": "[{\"added\": {}}]"}}, {"model": "admin.logentry", "pk": 17, "fields": {"action_time": "2020-04-11T10:10:50.203Z", "user": 1, "content_type": 12, "object_id": "2", "object_repr": "team den", "action_flag": 1, "change_message": "[{\"added\": {}}]"}}, {"model": "admin.logentry", "pk": 18, "fields": {"action_time": "2020-04-11T10:11:11.050Z", "user": 1, "content_type": 12, "object_id": "3", "object_repr": "adminn", "action_flag": 1, "change_message": "[{\"added\": {}}]"}}, {"model": "admin.logentry", "pk": 19, "fields": {"action_time": "2020-04-11T10:11:21.627Z", "user": 1, "content_type": 12, "object_id": "4", "object_repr": "teammm", "action_flag": 1, "change_message": "[{\"added\": {}}]"}}, {"model": "admin.logentry", "pk": 20, "fields": {"action_time": "2020-04-17T07:35:47.860Z", "user": 1, "content_type": 5, "object_id": "5", "object_repr": "yasin", "action_flag": 1, "change_message": "[{\"added\": {}}]"}}, {"model": "admin.logentry", "pk": 21, "fields": {"action_time": "2020-04-17T07:36:14.617Z", "user": 1, "content_type": 5, "object_id": "6", "object_repr": "onurcan", "action_flag": 1, "change_message": "[{\"added\": {}}]"}}, {"model": "admin.logentry", "pk": 22, "fields": {"action_time": "2020-04-17T07:36:48.001Z", "user": 1, "content_type": 5, "object_id": "6", "object_repr": "onurcan", "action_flag": 2, "change_message": "[{\"changed\": {\"fields\": [\"first_name\", \"last_name\", \"is_staff\", \"is_superuser\"]}}]"}}, {"model": "admin.logentry", "pk": 23, "fields": {"action_time": "2020-04-17T07:37:16.123Z", "user": 1, "content_type": 5, "object_id": "3", "object_repr": "mert", "action_flag": 2, "change_message": "[{\"changed\": {\"fields\": [\"first_name\", \"last_name\", \"is_staff\", \"is_superuser\"]}}]"}}, {"model": "admin.logentry", "pk": 24, "fields": {"action_time": "2020-04-17T07:37:42.585Z", "user": 1, "content_type": 5, "object_id": "2", "object_repr": "onur", "action_flag": 2, "change_message": "[{\"changed\": {\"fields\": [\"first_name\", \"last_name\", \"is_staff\", \"is_superuser\"]}}]"}}, {"model": "admin.logentry", "pk": 25, "fields": {"action_time": "2020-04-17T07:38:15.770Z", "user": 1, "content_type": 5, "object_id": "5", "object_repr": "yasin", "action_flag": 2, "change_message": "[{\"changed\": {\"fields\": [\"first_name\", \"last_name\", \"is_staff\", \"is_superuser\"]}}]"}}, {"model": "admin.logentry", "pk": 26, "fields": {"action_time": "2020-04-17T07:38:45.086Z", "user": 1, "content_type": 5, "object_id": "7", "object_repr": "ertan", "action_flag": 1, "change_message": "[{\"added\": {}}]"}}, {"model": "admin.logentry", "pk": 27, "fields": {"action_time": "2020-04-17T07:39:33.569Z", "user": 1, "content_type": 5, "object_id": "7", "object_repr": "ertan", "action_flag": 2, "change_message": "[{\"changed\": {\"fields\": [\"first_name\", \"last_name\", \"is_staff\", \"is_superuser\"]}}]"}}, {"model": "admin.logentry", "pk": 28, "fields": {"action_time": "2020-04-17T07:41:00.021Z", "user": 1, "content_type": 10, "object_id": "5", "object_repr": "devops", "action_flag": 1, "change_message": "[{\"added\": {}}]"}}, {"model": "admin.logentry", "pk": 29, "fields": {"action_time": "2020-04-17T07:41:28.022Z", "user": 1, "content_type": 10, "object_id": "4", "object_repr": "devops", "action_flag": 2, "change_message": "[{\"changed\": {\"fields\": [\"title\", \"fullname\"]}}]"}}, {"model": "admin.logentry", "pk": 30, "fields": {"action_time": "2020-04-17T07:41:50.804Z", "user": 1, "content_type": 10, "object_id": "2", "object_repr": "devops", "action_flag": 2, "change_message": "[{\"changed\": {\"fields\": [\"title\", \"fullname\"]}}]"}}, {"model": "admin.logentry", "pk": 31, "fields": {"action_time": "2020-04-17T07:42:50.964Z", "user": 1, "content_type": 10, "object_id": "6", "object_repr": "Advisor", "action_flag": 1, "change_message": "[{\"added\": {}}]"}}, {"model": "admin.logentry", "pk": 32, "fields": {"action_time": "2020-04-17T07:43:22.477Z", "user": 1, "content_type": 10, "object_id": "7", "object_repr": "devops", "action_flag": 1, "change_message": "[{\"added\": {}}]"}}, {"model": "admin.logentry", "pk": 33, "fields": {"action_time": "2020-04-17T07:45:23.196Z", "user": 1, "content_type": 11, "object_id": "7", "object_repr": "Membership object (7)", "action_flag": 1, "change_message": "[{\"added\": {}}]"}}, {"model": "admin.logentry", "pk": 34, "fields": {"action_time": "2020-04-17T07:45:32.272Z", "user": 1, "content_type": 11, "object_id": "8", "object_repr": "Membership object (8)", "action_flag": 1, "change_message": "[{\"added\": {}}]"}}, {"model": "admin.logentry", "pk": 35, "fields": {"action_time": "2020-04-17T07:45:50.664Z", "user": 1, "content_type": 11, "object_id": "9", "object_repr": "Membership object (9)", "action_flag": 1, "change_message": "[{\"added\": {}}]"}}, {"model": "admin.logentry", "pk": 36, "fields": {"action_time": "2020-04-17T07:46:02.775Z", "user": 1, "content_type": 11, "object_id": "10", "object_repr": "Membership object (10)", "action_flag": 1, "change_message": "[{\"added\": {}}]"}}, {"model": "admin.logentry", "pk": 37, "fields": {"action_time": "2020-04-17T07:46:38.049Z", "user": 1, "content_type": 11, "object_id": "11", "object_repr": "Membership object (11)", "action_flag": 1, "change_message": "[{\"added\": {}}]"}}, {"model": "admin.logentry", "pk": 38, "fields": {"action_time": "2020-04-17T07:46:46.595Z", "user": 1, "content_type": 11, "object_id": "12", "object_repr": "Membership object (12)", "action_flag": 1, "change_message": "[{\"added\": {}}]"}}, {"model": "admin.logentry", "pk": 39, "fields": {"action_time": "2020-04-17T08:26:08.612Z", "user": 2, "content_type": 12, "object_id": "15", "object_repr": "denemeee", "action_flag": 3, "change_message": ""}}, {"model": "admin.logentry", "pk": 40, "fields": {"action_time": "2020-04-17T08:26:08.625Z", "user": 2, "content_type": 12, "object_id": "14", "object_repr": "offf cok iyi", "action_flag": 3, "change_message": ""}}, {"model": "admin.logentry", "pk": 41, "fields": {"action_time": "2020-04-17T08:26:08.637Z", "user": 2, "content_type": 12, "object_id": "13", "object_repr": "yasinn", "action_flag": 3, "change_message": ""}}, {"model": "admin.logentry", "pk": 42, "fields": {"action_time": "2020-04-17T08:26:08.649Z", "user": 2, "content_type": 12, "object_id": "12", "object_repr": "geldim", "action_flag": 3, "change_message": ""}}, {"model": "admin.logentry", "pk": 43, "fields": {"action_time": "2020-04-17T08:26:08.662Z", "user": 2, "content_type": 12, "object_id": "11", "object_repr": "yasin geldin mi", "action_flag": 3, "change_message": ""}}, {"model": "admin.logentry", "pk": 44, "fields": {"action_time": "2020-04-17T08:26:08.674Z", "user": 2, "content_type": 12, "object_id": "10", "object_repr": "deneme", "action_flag": 3, "change_message": ""}}, {"model": "admin.logentry", "pk": 45, "fields": {"action_time": "2020-04-17T08:26:08.685Z", "user": 2, "content_type": 12, "object_id": "9", "object_repr": "asd", "action_flag": 3, "change_message": ""}}, {"model": "admin.logentry", "pk": 46, "fields": {"action_time": "2020-04-17T08:26:08.697Z", "user": 2, "content_type": 12, "object_id": "8", "object_repr": "sdasdasd", "action_flag": 3, "change_message": ""}}, {"model": "admin.logentry", "pk": 47, "fields": {"action_time": "2020-04-17T08:26:08.710Z", "user": 2, "content_type": 12, "object_id": "7", "object_repr": "", "action_flag": 3, "change_message": ""}}, {"model": "admin.logentry", "pk": 48, "fields": {"action_time": "2020-04-17T08:26:08.723Z", "user": 2, "content_type": 12, "object_id": "6", "object_repr": "deneme terminal", "action_flag": 3, "change_message": ""}}, {"model": "admin.logentry", "pk": 49, "fields": {"action_time": "2020-04-17T08:26:08.735Z", "user": 2, "content_type": 12, "object_id": "5", "object_repr": "deneme", "action_flag": 3, "change_message": ""}}, {"model": "admin.logentry", "pk": 50, "fields": {"action_time": "2020-04-17T08:26:08.747Z", "user": 2, "content_type": 12, "object_id": "4", "object_repr": "teammm", "action_flag": 3, "change_message": ""}}, {"model": "admin.logentry", "pk": 51, "fields": {"action_time": "2020-04-17T08:26:08.759Z", "user": 2, "content_type": 12, "object_id": "3", "object_repr": "adminn", "action_flag": 3, "change_message": ""}}, {"model": "admin.logentry", "pk": 52, "fields": {"action_time": "2020-04-17T08:26:08.773Z", "user": 2, "content_type": 12, "object_id": "2", "object_repr": "team den", "action_flag": 3, "change_message": ""}}, {"model": "admin.logentry", "pk": 53, "fields": {"action_time": "2020-04-17T08:26:08.786Z", "user": 2, "content_type": 12, "object_id": "1", "object_repr": "gen den", "action_flag": 3, "change_message": ""}}, {"model": "admin.logentry", "pk": 54, "fields": {"action_time": "2020-05-12T17:55:33.733Z", "user": 2, "content_type": 12, "object_id": "22", "object_repr": "asdasdasd", "action_flag": 3, "change_message": ""}}, {"model": "admin.logentry", "pk": 55, "fields": {"action_time": "2020-05-12T17:55:33.741Z", "user": 2, "content_type": 12, "object_id": "21", "object_repr": "aaaaaa", "action_flag": 3, "change_message": ""}}, {"model": "admin.logentry", "pk": 56, "fields": {"action_time": "2020-05-12T17:55:33.744Z", "user": 2, "content_type": 12, "object_id": "20", "object_repr": "aaaaaa", "action_flag": 3, "change_message": ""}}, {"model": "admin.logentry", "pk": 57, "fields": {"action_time": "2020-05-12T17:55:33.746Z", "user": 2, "content_type": 12, "object_id": "19", "object_repr": "sadsd", "action_flag": 3, "change_message": ""}}, {"model": "admin.logentry", "pk": 58, "fields": {"action_time": "2020-05-12T17:55:33.748Z", "user": 2, "content_type": 12, "object_id": "18", "object_repr": "d", "action_flag": 3, "change_message": ""}}, {"model": "admin.logentry", "pk": 59, "fields": {"action_time": "2020-05-12T17:55:33.750Z", "user": 2, "content_type": 12, "object_id": "17", "object_repr": "Merhaba", "action_flag": 3, "change_message": ""}}, {"model": "admin.logentry", "pk": 60, "fields": {"action_time": "2020-05-12T17:55:33.752Z", "user": 2, "content_type": 12, "object_id": "16", "object_repr": "deneme", "action_flag": 3, "change_message": ""}}, {"model": "admin.logentry", "pk": 61, "fields": {"action_time": "2020-05-12T17:55:33.755Z", "user": 2, "content_type": 12, "object_id": "14", "object_repr": "merhaba", "action_flag": 3, "change_message": ""}}, {"model": "admin.logentry", "pk": 62, "fields": {"action_time": "2020-05-12T17:55:33.757Z", "user": 2, "content_type": 12, "object_id": "13", "object_repr": "\u015eampiyon cimbombom", "action_flag": 3, "change_message": ""}}, {"model": "admin.logentry", "pk": 63, "fields": {"action_time": "2020-05-12T17:55:33.759Z", "user": 2, "content_type": 12, "object_id": "12", "object_repr": "mweert", "action_flag": 3, "change_message": ""}}, {"model": "admin.logentry", "pk": 64, "fields": {"action_time": "2020-05-12T17:55:33.762Z", "user": 2, "content_type": 12, "object_id": "11", "object_repr": "meeert", "action_flag": 3, "change_message": ""}}, {"model": "admin.logentry", "pk": 65, "fields": {"action_time": "2020-05-12T17:55:33.764Z", "user": 2, "content_type": 12, "object_id": "10", "object_repr": "asdasdasd", "action_flag": 3, "change_message": ""}}, {"model": "admin.logentry", "pk": 66, "fields": {"action_time": "2020-05-12T17:55:33.766Z", "user": 2, "content_type": 12, "object_id": "9", "object_repr": "deneeee", "action_flag": 3, "change_message": ""}}, {"model": "admin.logentry", "pk": 67, "fields": {"action_time": "2020-05-12T17:55:33.768Z", "user": 2, "content_type": 12, "object_id": "8", "object_repr": "sdasdasd", "action_flag": 3, "change_message": ""}}, {"model": "admin.logentry", "pk": 68, "fields": {"action_time": "2020-05-12T17:55:33.771Z", "user": 2, "content_type": 12, "object_id": "7", "object_repr": "", "action_flag": 3, "change_message": ""}}, {"model": "admin.logentry", "pk": 69, "fields": {"action_time": "2020-05-12T17:55:33.773Z", "user": 2, "content_type": 12, "object_id": "6", "object_repr": "deneme terminal", "action_flag": 3, "change_message": ""}}, {"model": "admin.logentry", "pk": 70, "fields": {"action_time": "2020-05-12T17:55:33.775Z", "user": 2, "content_type": 12, "object_id": "5", "object_repr": "deneme", "action_flag": 3, "change_message": ""}}, {"model": "admin.logentry", "pk": 71, "fields": {"action_time": "2020-05-12T17:55:33.778Z", "user": 2, "content_type": 12, "object_id": "4", "object_repr": "teammm", "action_flag": 3, "change_message": ""}}, {"model": "admin.logentry", "pk": 72, "fields": {"action_time": "2020-05-12T17:55:33.780Z", "user": 2, "content_type": 12, "object_id": "3", "object_repr": "adminn", "action_flag": 3, "change_message": ""}}, {"model": "admin.logentry", "pk": 73, "fields": {"action_time": "2020-05-12T17:55:33.782Z", "user": 2, "content_type": 12, "object_id": "2", "object_repr": "team den", "action_flag": 3, "change_message": ""}}, {"model": "admin.logentry", "pk": 74, "fields": {"action_time": "2020-05-12T17:55:33.784Z", "user": 2, "content_type": 12, "object_id": "1", "object_repr": "gen den", "action_flag": 3, "change_message": ""}}, {"model": "admin.logentry", "pk": 75, "fields": {"action_time": "2020-05-14T05:34:12.449Z", "user": 2, "content_type": 10, "object_id": "7", "object_repr": "Onur Can Unal", "action_flag": 2, "change_message": "[{\"changed\": {\"fields\": [\"latitude\", \"longitude\"]}}]"}}, {"model": "admin.logentry", "pk": 76, "fields": {"action_time": "2020-05-14T05:34:48.153Z", "user": 2, "content_type": 10, "object_id": "6", "object_repr": "Ertan Onur", "action_flag": 2, "change_message": "[{\"changed\": {\"fields\": [\"latitude\", \"longitude\"]}}]"}}, {"model": "admin.logentry", "pk": 77, "fields": {"action_time": "2020-05-14T05:35:19.530Z", "user": 2, "content_type": 10, "object_id": "5", "object_repr": "Yasin Uysal", "action_flag": 2, "change_message": "[{\"changed\": {\"fields\": [\"latitude\", \"longitude\"]}}]"}}, {"model": "admin.logentry", "pk": 78, "fields": {"action_time": "2020-05-14T05:36:01.094Z", "user": 2, "content_type": 10, "object_id": "4", "object_repr": "Mert Anil Yilmaz", "action_flag": 2, "change_message": "[{\"changed\": {\"fields\": [\"latitude\", \"longitude\"]}}]"}}, {"model": "admin.logentry", "pk": 79, "fields": {"action_time": "2020-05-14T05:36:30.898Z", "user": 2, "content_type": 10, "object_id": "3", "object_repr": "tester test", "action_flag": 2, "change_message": "[{\"changed\": {\"fields\": [\"latitude\", \"longitude\"]}}]"}}, {"model": "admin.logentry", "pk": 80, "fields": {"action_time": "2020-05-14T05:37:02.224Z", "user": 2, "content_type": 10, "object_id": "1", "object_repr": "admin admin", "action_flag": 2, "change_message": "[{\"changed\": {\"fields\": [\"latitude\", \"longitude\"]}}]"}}, {"model": "admin.logentry", "pk": 81, "fields": {"action_time": "2020-05-14T05:37:30.685Z", "user": 2, "content_type": 10, "object_id": "2", "object_repr": "Onur Aydin", "action_flag": 2, "change_message": "[{\"changed\": {\"fields\": [\"latitude\", \"longitude\"]}}]"}}, {"model": "admin.logentry", "pk": 82, "fields": {"action_time": "2020-05-14T15:23:07.063Z", "user": 2, "content_type": 5, "object_id": "19", "object_repr": "robot", "action_flag": 1, "change_message": "[{\"added\": {}}]"}}, {"model": "admin.logentry", "pk": 83, "fields": {"action_time": "2020-05-14T15:23:38.758Z", "user": 2, "content_type": 5, "object_id": "20", "object_repr": "target", "action_flag": 1, "change_message": "[{\"added\": {}}]"}}, {"model": "admin.logentry", "pk": 84, "fields": {"action_time": "2020-05-14T15:25:14.922Z", "user": 2, "content_type": 10, "object_id": "8", "object_repr": "The amazing robot", "action_flag": 1, "change_message": "[{\"added\": {}}]"}}, {"model": "admin.logentry", "pk": 85, "fields": {"action_time": "2020-05-14T15:26:57.460Z", "user": 2, "content_type": 10, "object_id": "9", "object_repr": "The desired target", "action_flag": 1, "change_message": "[{\"added\": {}}]"}}, {"model": "admin.logentry", "pk": 86, "fields": {"action_time": "2020-05-14T15:44:04.208Z", "user": 2, "content_type": 10, "object_id": "7", "object_repr": "Onur Can Unal", "action_flag": 2, "change_message": "[{\"changed\": {\"fields\": [\"signalpower\"]}}]"}}, {"model": "admin.logentry", "pk": 87, "fields": {"action_time": "2020-05-14T15:44:12.439Z", "user": 2, "content_type": 10, "object_id": "6", "object_repr": "Ertan Onur", "action_flag": 2, "change_message": "[{\"changed\": {\"fields\": [\"signalpower\"]}}]"}}, {"model": "admin.logentry", "pk": 88, "fields": {"action_time": "2020-05-14T15:44:28.463Z", "user": 2, "content_type": 10, "object_id": "5", "object_repr": "Yasin Uysal", "action_flag": 2, "change_message": "[{\"changed\": {\"fields\": [\"signalpower\"]}}]"}}, {"model": "admin.logentry", "pk": 89, "fields": {"action_time": "2020-05-14T15:44:38.366Z", "user": 2, "content_type": 10, "object_id": "3", "object_repr": "tester test", "action_flag": 2, "change_message": "[{\"changed\": {\"fields\": [\"signalpower\"]}}]"}}, {"model": "admin.logentry", "pk": 90, "fields": {"action_time": "2020-05-14T15:44:47.697Z", "user": 2, "content_type": 10, "object_id": "2", "object_repr": "Onur Aydin", "action_flag": 2, "change_message": "[{\"changed\": {\"fields\": [\"signalpower\"]}}]"}}, {"model": "admin.logentry", "pk": 91, "fields": {"action_time": "2020-05-14T15:44:59.299Z", "user": 2, "content_type": 10, "object_id": "1", "object_repr": "admin admin", "action_flag": 2, "change_message": "[{\"changed\": {\"fields\": [\"signalpower\"]}}]"}}, {"model": "admin.logentry", "pk": 92, "fields": {"action_time": "2020-05-14T15:45:12.321Z", "user": 2, "content_type": 10, "object_id": "4", "object_repr": "Mert Anil Yilmaz", "action_flag": 2, "change_message": "[{\"changed\": {\"fields\": [\"signalpower\"]}}]"}}, {"model": "admin.logentry", "pk": 93, "fields": {"action_time": "2020-05-14T15:45:21.293Z", "user": 2, "content_type": 10, "object_id": "3", "object_repr": "tester test", "action_flag": 2, "change_message": "[{\"changed\": {\"fields\": [\"signalpower\"]}}]"}}, {"model": "admin.logentry", "pk": 94, "fields": {"action_time": "2020-05-15T04:33:07.237Z", "user": 2, "content_type": 17, "object_id": "1", "object_repr": "every 10 seconds", "action_flag": 1, "change_message": "[{\"added\": {}}]"}}, {"model": "admin.logentry", "pk": 95, "fields": {"action_time": "2020-05-15T04:33:13.207Z", "user": 2, "content_type": 18, "object_id": "3", "object_repr": "printer: every 10 seconds", "action_flag": 1, "change_message": "[{\"added\": {}}]"}}, {"model": "admin.logentry", "pk": 96, "fields": {"action_time": "2020-05-15T04:33:56.371Z", "user": 2, "content_type": 18, "object_id": "3", "object_repr": "printer: every 10 seconds", "action_flag": 2, "change_message": "[{\"changed\": {\"fields\": [\"start_time\"]}}]"}}, {"model": "admin.logentry", "pk": 97, "fields": {"action_time": "2020-05-15T04:46:28.173Z", "user": 2, "content_type": 18, "object_id": "3", "object_repr": "printer: every 10 seconds", "action_flag": 3, "change_message": ""}}, {"model": "admin.logentry", "pk": 98, "fields": {"action_time": "2020-05-15T04:47:28.092Z", "user": 2, "content_type": 18, "object_id": "4", "object_repr": "prin: every 10 seconds", "action_flag": 1, "change_message": "[{\"added\": {}}]"}}, {"model": "admin.logentry", "pk": 99, "fields": {"action_time": "2020-05-15T05:04:59.389Z", "user": 2, "content_type": 18, "object_id": "5", "object_repr": "count: every 10 seconds", "action_flag": 1, "change_message": "[{\"added\": {}}]"}}, {"model": "admin.logentry", "pk": 100, "fields": {"action_time": "2020-05-15T07:25:05.863Z", "user": 2, "content_type": 18, "object_id": "7", "object_repr": "random: every 10 seconds", "action_flag": 1, "change_message": "[{\"added\": {}}]"}}, {"model": "admin.logentry", "pk": 101, "fields": {"action_time": "2020-05-15T12:45:12.978Z", "user": 2, "content_type": 18, "object_id": "6", "object_repr": "send-notification-on-friday-afternoon: every 10 seconds", "action_flag": 3, "change_message": ""}}, {"model": "admin.logentry", "pk": 102, "fields": {"action_time": "2020-05-15T12:45:12.986Z", "user": 2, "content_type": 18, "object_id": "5", "object_repr": "count: every 10 seconds", "action_flag": 3, "change_message": ""}}, {"model": "admin.logentry", "pk": 103, "fields": {"action_time": "2020-05-15T12:45:12.988Z", "user": 2, "content_type": 18, "object_id": "4", "object_repr": "prin: every 10 seconds", "action_flag": 3, "change_message": ""}}, {"model": "admin.logentry", "pk": 104, "fields": {"action_time": "2020-05-15T12:45:12.991Z", "user": 2, "content_type": 18, "object_id": "2", "object_repr": "task_save_latest_flickr_image: * * * * * (m/h/d/dM/MY) UTC", "action_flag": 3, "change_message": ""}}, {"model": "admin.logentry", "pk": 105, "fields": {"action_time": "2020-05-15T12:45:12.993Z", "user": 2, "content_type": 18, "object_id": "1", "object_repr": "celery.backend_cleanup: 0 4 * * * (m/h/d/dM/MY) UTC", "action_flag": 3, "change_message": ""}}, {"model": "admin.logentry", "pk": 106, "fields": {"action_time": "2020-05-15T13:06:20.295Z", "user": 2, "content_type": 18, "object_id": "9", "object_repr": "send-notification-on-friday-afternoon: every 10 seconds", "action_flag": 3, "change_message": ""}}, {"model": "admin.logentry", "pk": 107, "fields": {"action_time": "2020-05-15T13:06:20.304Z", "user": 2, "content_type": 18, "object_id": "8", "object_repr": "celery.backend_cleanup: 0 4 * * * (m/h/d/dM/MY) UTC", "action_flag": 3, "change_message": ""}}, {"model": "admin.logentry", "pk": 108, "fields": {"action_time": "2020-05-15T13:06:20.307Z", "user": 2, "content_type": 18, "object_id": "7", "object_repr": "random: every 10 seconds", "action_flag": 3, "change_message": ""}}, {"model": "admin.logentry", "pk": 109, "fields": {"action_time": "2020-05-15T13:07:03.734Z", "user": 2, "content_type": 18, "object_id": "10", "object_repr": "skip: every 10 seconds", "action_flag": 1, "change_message": "[{\"added\": {}}]"}}, {"model": "admin.logentry", "pk": 110, "fields": {"action_time": "2020-05-15T13:17:51.614Z", "user": 2, "content_type": 18, "object_id": "10", "object_repr": "skip: every 10 seconds", "action_flag": 3, "change_message": ""}}, {"model": "admin.logentry", "pk": 111, "fields": {"action_time": "2020-05-15T13:18:28.840Z", "user": 2, "content_type": 17, "object_id": "2", "object_repr": "every minute", "action_flag": 1, "change_message": "[{\"added\": {}}]"}}, {"model": "admin.logentry", "pk": 112, "fields": {"action_time": "2020-05-15T13:18:39.869Z", "user": 2, "content_type": 18, "object_id": "12", "object_repr": "calculate_loc: every minute", "action_flag": 1, "change_message": "[{\"added\": {}}]"}}, {"model": "admin.logentry", "pk": 113, "fields": {"action_time": "2020-05-15T13:51:10.649Z", "user": 2, "content_type": 18, "object_id": "13", "object_repr": "estimate: every minute", "action_flag": 1, "change_message": "[{\"added\": {}}]"}}, {"model": "admin.logentry", "pk": 114, "fields": {"action_time": "2020-05-15T13:55:40.412Z", "user": 2, "content_type": 10, "object_id": "9", "object_repr": "The desired target", "action_flag": 2, "change_message": "[{\"changed\": {\"fields\": [\"latitude\"]}}]"}}, {"model": "admin.logentry", "pk": 115, "fields": {"action_time": "2020-05-15T14:06:22.170Z", "user": 2, "content_type": 10, "object_id": "4", "object_repr": "Mert Anil Yilmaz", "action_flag": 2, "change_message": "[{\"changed\": {\"fields\": [\"latitude\", \"longitude\"]}}]"}}]